<?xml version="1.0" encoding="UTF-8" standalone="yes"?>
<ns2:ExportManifest xmlns:ns2="http://www.pentaho.com/schema/">
    <ExportManifestInformation exportDate="05-03-2020 04:51:27 MSK" exportBy="admin" rootFolder="/home/" manifestVersion="2"/>
    <ExportManifestEntity path="reports">
        <ExportManifestProperty>
            <EntityMetaData name="reports" createdDate="2019-05-21T15:37:20.020+03:00" isFolder="true" path="reports" isHidden="false" isSchedulable="false" locale="en_US" title="reports"/>
        </ExportManifestProperty>
        <ExportManifestProperty>
            <EntityAcl>
                <entriesInheriting>true</entriesInheriting>
                <owner>admin</owner>
                <ownerType>USER</ownerType>
            </EntityAcl>
        </ExportManifestProperty>
    </ExportManifestEntity>
    <ExportManifestEntity path="reports/bag_attachments">
        <ExportManifestProperty>
            <EntityMetaData name="bag_attachments" createdDate="2019-05-21T15:37:20.464+03:00" isFolder="true" path="reports/bag_attachments" isHidden="false" isSchedulable="false" locale="en_US" title="bag_attachments"/>
        </ExportManifestProperty>
        <ExportManifestProperty>
            <EntityAcl>
                <entriesInheriting>true</entriesInheriting>
                <owner>admin</owner>
                <ownerType>USER</ownerType>
            </EntityAcl>
        </ExportManifestProperty>
    </ExportManifestEntity>
    <ExportManifestEntity path="reports/bag_attachments/bag_attachments.ktr">
        <ExportManifestProperty>
            <EntityMetaData name="bag_attachments.ktr" createdDate="2019-05-21T15:37:21.908+03:00" isFolder="false" path="reports/bag_attachments/bag_attachments.ktr" isHidden="true" isSchedulable="true" locale="en_US" title="bag_attachments"/>
        </ExportManifestProperty>
        <ExportManifestProperty>
            <EntityAcl>
                <entriesInheriting>true</entriesInheriting>
                <owner>admin</owner>
                <ownerType>USER</ownerType>
            </EntityAcl>
        </ExportManifestProperty>
    </ExportManifestEntity>
    <ExportManifestEntity path="reports/bag_attachments/bag_attachments.prpt">
        <ExportManifestProperty>
            <EntityMetaData name="bag_attachments.prpt" createdDate="2019-05-21T15:37:23.797+03:00" isFolder="false" path="reports/bag_attachments/bag_attachments.prpt" isHidden="false" isSchedulable="true" locale="en_US" title="Вложения в емкость 1.1"/>
        </ExportManifestProperty>
        <ExportManifestProperty>
            <EntityAcl>
                <entriesInheriting>true</entriesInheriting>
                <owner>admin</owner>
                <ownerType>USER</ownerType>
            </EntityAcl>
        </ExportManifestProperty>
    </ExportManifestEntity>
    <ExportManifestEntity path="reports/bonus">
        <ExportManifestProperty>
            <EntityMetaData name="bonus" createdDate="2019-05-21T15:37:23.996+03:00" isFolder="true" path="reports/bonus" isHidden="false" isSchedulable="false" locale="en_US" title="bonus"/>
        </ExportManifestProperty>
        <ExportManifestProperty>
            <EntityAcl>
                <entriesInheriting>true</entriesInheriting>
                <owner>admin</owner>
                <ownerType>USER</ownerType>
            </EntityAcl>
        </ExportManifestProperty>
    </ExportManifestEntity>
    <ExportManifestEntity path="reports/bonus/KPI в зоне ответственности ОПС.cda">
        <ExportManifestProperty>
            <EntityMetaData name="KPI в зоне ответственности ОПС.cda" createdDate="2019-05-21T15:37:24.021+03:00" isFolder="false" path="reports/bonus/KPI в зоне ответственности ОПС.cda" isHidden="false" isSchedulable="true" locale="en_US" title="KPI в зоне ответственности ОПС"/>
        </ExportManifestProperty>
        <ExportManifestProperty>
            <EntityAcl>
                <entriesInheriting>true</entriesInheriting>
                <owner>admin</owner>
                <ownerType>USER</ownerType>
            </EntityAcl>
        </ExportManifestProperty>
    </ExportManifestEntity>
    <ExportManifestEntity path="reports/bonus/KPI в зоне ответственности ОПС.cdfde">
        <ExportManifestProperty>
            <EntityMetaData name="KPI в зоне ответственности ОПС.cdfde" createdDate="2019-05-21T15:37:24.087+03:00" isFolder="false" path="reports/bonus/KPI в зоне ответственности ОПС.cdfde" isHidden="false" isSchedulable="true" locale="en_US" title="KPI в зоне ответственности ОПС.cdfde"/>
        </ExportManifestProperty>
        <ExportManifestProperty>
            <EntityAcl>
                <entriesInheriting>true</entriesInheriting>
                <owner>admin</owner>
                <ownerType>USER</ownerType>
            </EntityAcl>
        </ExportManifestProperty>
    </ExportManifestEntity>
    <ExportManifestEntity path="reports/bonus/KPI в зоне ответственности ОПС.wcdf">
        <ExportManifestProperty>
            <EntityMetaData name="KPI в зоне ответственности ОПС.wcdf" createdDate="2019-05-21T15:37:24.172+03:00" isFolder="false" path="reports/bonus/KPI в зоне ответственности ОПС.wcdf" isHidden="false" isSchedulable="true" locale="en_US" title="KPI в зоне ответственности ОПС.wcdf"/>
        </ExportManifestProperty>
        <ExportManifestProperty>
            <EntityAcl>
                <entriesInheriting>true</entriesInheriting>
                <owner>admin</owner>
                <ownerType>USER</ownerType>
            </EntityAcl>
        </ExportManifestProperty>
    </ExportManifestEntity>
    <ExportManifestEntity path="reports/cheque">
        <ExportManifestProperty>
            <EntityMetaData name="cheque" createdDate="2019-05-21T15:37:24.255+03:00" isFolder="true" path="reports/cheque" isHidden="false" isSchedulable="false" locale="en_US" title="cheque"/>
        </ExportManifestProperty>
        <ExportManifestProperty>
            <EntityAcl>
                <entriesInheriting>true</entriesInheriting>
                <owner>admin</owner>
                <ownerType>USER</ownerType>
            </EntityAcl>
        </ExportManifestProperty>
    </ExportManifestEntity>
    <ExportManifestEntity path="reports/cheque/Отчет по кассовым чекам.cda">
        <ExportManifestProperty>
            <EntityMetaData name="Отчет по кассовым чекам.cda" createdDate="2019-05-21T15:37:24.267+03:00" isFolder="false" path="reports/cheque/Отчет по кассовым чекам.cda" isHidden="false" isSchedulable="true" locale="en_US" title="Отчет по кассовым чекам"/>
        </ExportManifestProperty>
        <ExportManifestProperty>
            <EntityAcl>
                <entriesInheriting>true</entriesInheriting>
                <owner>admin</owner>
                <ownerType>USER</ownerType>
            </EntityAcl>
        </ExportManifestProperty>
    </ExportManifestEntity>
    <ExportManifestEntity path="reports/cheque/Отчет по кассовым чекам.cdfde">
        <ExportManifestProperty>
            <EntityMetaData name="Отчет по кассовым чекам.cdfde" createdDate="2019-05-21T15:37:24.329+03:00" isFolder="false" path="reports/cheque/Отчет по кассовым чекам.cdfde" isHidden="false" isSchedulable="true" locale="en_US" title="Отчет по кассовым чекам.cdfde"/>
        </ExportManifestProperty>
        <ExportManifestProperty>
            <EntityAcl>
                <entriesInheriting>true</entriesInheriting>
                <owner>admin</owner>
                <ownerType>USER</ownerType>
            </EntityAcl>
        </ExportManifestProperty>
    </ExportManifestEntity>
    <ExportManifestEntity path="reports/cheque/Отчет по кассовым чекам.wcdf">
        <ExportManifestProperty>
            <EntityMetaData name="Отчет по кассовым чекам.wcdf" createdDate="2019-05-21T15:37:24.367+03:00" isFolder="false" path="reports/cheque/Отчет по кассовым чекам.wcdf" isHidden="false" isSchedulable="true" locale="en_US" title="Отчет по кассовым чекам.wcdf"/>
        </ExportManifestProperty>
        <ExportManifestProperty>
            <EntityAcl>
                <entriesInheriting>true</entriesInheriting>
                <owner>admin</owner>
                <ownerType>USER</ownerType>
            </EntityAcl>
        </ExportManifestProperty>
    </ExportManifestEntity>
    <ExportManifestEntity path="reports/cvpp">
        <ExportManifestProperty>
            <EntityMetaData name="cvpp" createdDate="2019-05-21T15:37:24.442+03:00" isFolder="true" path="reports/cvpp" isHidden="false" isSchedulable="false" locale="en_US" title="cvpp"/>
        </ExportManifestProperty>
        <ExportManifestProperty>
            <EntityAcl>
                <entriesInheriting>true</entriesInheriting>
                <owner>admin</owner>
                <ownerType>USER</ownerType>
            </EntityAcl>
        </ExportManifestProperty>
    </ExportManifestEntity>
    <ExportManifestEntity path="reports/cvpp/Отчет по ЦВПП и ОПС плюс.cda">
        <ExportManifestProperty>
            <EntityMetaData name="Отчет по ЦВПП и ОПС плюс.cda" createdDate="2019-05-21T15:37:24.455+03:00" isFolder="false" path="reports/cvpp/Отчет по ЦВПП и ОПС плюс.cda" isHidden="false" isSchedulable="true" locale="en_US" title="Отчет по ЦВПП и ОПС плюс"/>
        </ExportManifestProperty>
        <ExportManifestProperty>
            <EntityAcl>
                <entriesInheriting>true</entriesInheriting>
                <owner>admin</owner>
                <ownerType>USER</ownerType>
            </EntityAcl>
        </ExportManifestProperty>
    </ExportManifestEntity>
    <ExportManifestEntity path="reports/cvpp/Отчет по ЦВПП и ОПС плюс.cdfde">
        <ExportManifestProperty>
            <EntityMetaData name="Отчет по ЦВПП и ОПС плюс.cdfde" createdDate="2019-05-21T15:37:24.566+03:00" isFolder="false" path="reports/cvpp/Отчет по ЦВПП и ОПС плюс.cdfde" isHidden="false" isSchedulable="true" locale="en_US" title="Отчет по ЦВПП и ОПС плюс.cdfde"/>
        </ExportManifestProperty>
        <ExportManifestProperty>
            <EntityAcl>
                <entriesInheriting>true</entriesInheriting>
                <owner>admin</owner>
                <ownerType>USER</ownerType>
            </EntityAcl>
        </ExportManifestProperty>
    </ExportManifestEntity>
    <ExportManifestEntity path="reports/cvpp/Отчет по ЦВПП и ОПС плюс.wcdf">
        <ExportManifestProperty>
            <EntityMetaData name="Отчет по ЦВПП и ОПС плюс.wcdf" createdDate="2019-05-21T15:37:24.654+03:00" isFolder="false" path="reports/cvpp/Отчет по ЦВПП и ОПС плюс.wcdf" isHidden="false" isSchedulable="true" locale="en_US" title="Отчет по ЦВПП и ОПС плюс.wcdf"/>
        </ExportManifestProperty>
        <ExportManifestProperty>
            <EntityAcl>
                <entriesInheriting>true</entriesInheriting>
                <owner>admin</owner>
                <ownerType>USER</ownerType>
            </EntityAcl>
        </ExportManifestProperty>
    </ExportManifestEntity>
    <ExportManifestEntity path="reports/exec_interval">
        <ExportManifestProperty>
            <EntityMetaData name="exec_interval" createdDate="2019-05-21T15:37:24.805+03:00" isFolder="true" path="reports/exec_interval" isHidden="false" isSchedulable="false" locale="en_US" title="exec_interval"/>
        </ExportManifestProperty>
        <ExportManifestProperty>
            <EntityAcl>
                <entriesInheriting>true</entriesInheriting>
                <owner>admin</owner>
                <ownerType>USER</ownerType>
            </EntityAcl>
        </ExportManifestProperty>
    </ExportManifestEntity>
    <ExportManifestEntity path="reports/exec_interval/Отчет о сроках оформления в ОПС.cda">
        <ExportManifestProperty>
            <EntityMetaData name="Отчет о сроках оформления в ОПС.cda" createdDate="2019-05-21T15:37:24.837+03:00" isFolder="false" path="reports/exec_interval/Отчет о сроках оформления в ОПС.cda" isHidden="false" isSchedulable="true" locale="en_US" title="Отчет о сроках оформления в ОПС"/>
        </ExportManifestProperty>
        <ExportManifestProperty>
            <EntityAcl>
                <entriesInheriting>true</entriesInheriting>
                <owner>admin</owner>
                <ownerType>USER</ownerType>
            </EntityAcl>
        </ExportManifestProperty>
    </ExportManifestEntity>
    <ExportManifestEntity path="reports/exec_interval/Отчет о сроках оформления в ОПС.cdfde">
        <ExportManifestProperty>
            <EntityMetaData name="Отчет о сроках оформления в ОПС.cdfde" createdDate="2019-05-21T15:37:24.917+03:00" isFolder="false" path="reports/exec_interval/Отчет о сроках оформления в ОПС.cdfde" isHidden="false" isSchedulable="true" locale="en_US" title="Отчет о сроках оформления в ОПС.cdfde"/>
        </ExportManifestProperty>
        <ExportManifestProperty>
            <EntityAcl>
                <entriesInheriting>true</entriesInheriting>
                <owner>admin</owner>
                <ownerType>USER</ownerType>
            </EntityAcl>
        </ExportManifestProperty>
    </ExportManifestEntity>
    <ExportManifestEntity path="reports/exec_interval/Отчет о сроках оформления в ОПС.wcdf">
        <ExportManifestProperty>
            <EntityMetaData name="Отчет о сроках оформления в ОПС.wcdf" createdDate="2019-05-21T15:37:25.108+03:00" isFolder="false" path="reports/exec_interval/Отчет о сроках оформления в ОПС.wcdf" isHidden="false" isSchedulable="true" locale="en_US" title="Отчет о сроках оформления в ОПС.wcdf"/>
        </ExportManifestProperty>
        <ExportManifestProperty>
            <EntityAcl>
                <entriesInheriting>true</entriesInheriting>
                <owner>admin</owner>
                <ownerType>USER</ownerType>
            </EntityAcl>
        </ExportManifestProperty>
    </ExportManifestEntity>
    <ExportManifestEntity path="reports/exec_interval2.0">
        <ExportManifestProperty>
            <EntityMetaData name="exec_interval2.0" createdDate="2019-05-21T15:37:25.200+03:00" isFolder="true" path="reports/exec_interval2.0" isHidden="false" isSchedulable="false" locale="en_US" title="exec_interval2.0"/>
        </ExportManifestProperty>
        <ExportManifestProperty>
            <EntityAcl>
                <entriesInheriting>true</entriesInheriting>
                <owner>admin</owner>
                <ownerType>USER</ownerType>
            </EntityAcl>
        </ExportManifestProperty>
    </ExportManifestEntity>
    <ExportManifestEntity path="reports/exec_interval2.0/СО РПО.cda">
        <ExportManifestProperty>
            <EntityMetaData name="СО РПО.cda" createdDate="2019-05-21T15:37:25.227+03:00" isFolder="false" path="reports/exec_interval2.0/СО РПО.cda" isHidden="false" isSchedulable="true" locale="en_US" title="СО РПО"/>
        </ExportManifestProperty>
        <ExportManifestProperty>
            <EntityAcl>
                <entriesInheriting>true</entriesInheriting>
                <owner>admin</owner>
                <ownerType>USER</ownerType>
            </EntityAcl>
        </ExportManifestProperty>
    </ExportManifestEntity>
    <ExportManifestEntity path="reports/exec_interval2.0/СО РПО.cdfde">
        <ExportManifestProperty>
            <EntityMetaData name="СО РПО.cdfde" createdDate="2019-05-21T15:37:25.398+03:00" isFolder="false" path="reports/exec_interval2.0/СО РПО.cdfde" isHidden="false" isSchedulable="true" locale="en_US" title="СО РПО.cdfde"/>
        </ExportManifestProperty>
        <ExportManifestProperty>
            <EntityAcl>
                <entriesInheriting>true</entriesInheriting>
                <owner>admin</owner>
                <ownerType>USER</ownerType>
            </EntityAcl>
        </ExportManifestProperty>
    </ExportManifestEntity>
    <ExportManifestEntity path="reports/exec_interval2.0/СО РПО.wcdf">
        <ExportManifestProperty>
            <EntityMetaData name="СО РПО.wcdf" createdDate="2019-05-21T15:37:25.489+03:00" isFolder="false" path="reports/exec_interval2.0/СО РПО.wcdf" isHidden="false" isSchedulable="true" locale="en_US" title="СО РПО.wcdf"/>
        </ExportManifestProperty>
        <ExportManifestProperty>
            <EntityAcl>
                <entriesInheriting>true</entriesInheriting>
                <owner>admin</owner>
                <ownerType>USER</ownerType>
            </EntityAcl>
        </ExportManifestProperty>
    </ExportManifestEntity>
    <ExportManifestEntity path="reports/forecast">
        <ExportManifestProperty>
            <EntityMetaData name="forecast" createdDate="2019-05-21T15:37:25.560+03:00" isFolder="true" path="reports/forecast" isHidden="false" isSchedulable="false" locale="en_US" title="forecast"/>
        </ExportManifestProperty>
        <ExportManifestProperty>
            <EntityAcl>
                <entriesInheriting>true</entriesInheriting>
                <owner>admin</owner>
                <ownerType>USER</ownerType>
            </EntityAcl>
        </ExportManifestProperty>
    </ExportManifestEntity>
    <ExportManifestEntity path="reports/forecast/Прогноз поступлений на 7 дней.cda">
        <ExportManifestProperty>
            <EntityMetaData name="Прогноз поступлений на 7 дней.cda" createdDate="2019-05-21T15:37:26.045+03:00" isFolder="false" path="reports/forecast/Прогноз поступлений на 7 дней.cda" isHidden="false" isSchedulable="true" locale="en_US" title="Прогноз поступлений на 7 дней"/>
        </ExportManifestProperty>
        <ExportManifestProperty>
            <EntityAcl>
                <entriesInheriting>true</entriesInheriting>
                <owner>admin</owner>
                <ownerType>USER</ownerType>
            </EntityAcl>
        </ExportManifestProperty>
    </ExportManifestEntity>
    <ExportManifestEntity path="reports/forecast/Прогноз поступлений на 7 дней.cdfde">
        <ExportManifestProperty>
            <EntityMetaData name="Прогноз поступлений на 7 дней.cdfde" createdDate="2019-05-21T15:37:26.127+03:00" isFolder="false" path="reports/forecast/Прогноз поступлений на 7 дней.cdfde" isHidden="false" isSchedulable="true" locale="en_US" title="Прогноз поступлений на 7 дней.cdfde"/>
        </ExportManifestProperty>
        <ExportManifestProperty>
            <EntityAcl>
                <entriesInheriting>true</entriesInheriting>
                <owner>admin</owner>
                <ownerType>USER</ownerType>
            </EntityAcl>
        </ExportManifestProperty>
    </ExportManifestEntity>
    <ExportManifestEntity path="reports/forecast/Прогноз поступлений на 7 дней.wcdf">
        <ExportManifestProperty>
            <EntityMetaData name="Прогноз поступлений на 7 дней.wcdf" createdDate="2019-05-21T15:37:26.208+03:00" isFolder="false" path="reports/forecast/Прогноз поступлений на 7 дней.wcdf" isHidden="false" isSchedulable="true" locale="en_US" title="Прогноз поступлений на 7 дней.wcdf"/>
        </ExportManifestProperty>
        <ExportManifestProperty>
            <EntityAcl>
                <entriesInheriting>true</entriesInheriting>
                <owner>admin</owner>
                <ownerType>USER</ownerType>
            </EntityAcl>
        </ExportManifestProperty>
    </ExportManifestEntity>
    <ExportManifestEntity path="reports/generalized_deal">
        <ExportManifestProperty>
            <EntityMetaData name="generalized_deal" createdDate="2020-02-06T15:51:53.374+03:00" isFolder="true" path="reports/generalized_deal" isHidden="false" isSchedulable="false" locale="en_US" title="generalized_deal"/>
        </ExportManifestProperty>
        <ExportManifestProperty>
            <EntityAcl>
                <entriesInheriting>true</entriesInheriting>
                <owner>admin</owner>
                <ownerType>USER</ownerType>
            </EntityAcl>
        </ExportManifestProperty>
    </ExportManifestEntity>
    <ExportManifestEntity path="reports/generalized_deal/insert_test.ktr">
        <ExportManifestProperty>
            <EntityMetaData name="insert_test.ktr" createdDate="2020-02-19T14:40:37.867+03:00" isFolder="false" path="reports/generalized_deal/insert_test.ktr" isHidden="true" isSchedulable="true" locale="en_US" title="insert_test"/>
        </ExportManifestProperty>
        <ExportManifestProperty>
            <EntityAcl>
                <entriesInheriting>true</entriesInheriting>
                <owner>admin</owner>
                <ownerType>USER</ownerType>
            </EntityAcl>
        </ExportManifestProperty>
    </ExportManifestEntity>
    <ExportManifestEntity path="reports/generalized_deal/Укрупненная сделка.cda">
        <ExportManifestProperty>
            <EntityMetaData name="Укрупненная сделка.cda" createdDate="2020-02-10T17:34:03.254+03:00" isFolder="false" path="reports/generalized_deal/Укрупненная сделка.cda" isHidden="false" isSchedulable="true" locale="en_US" title="Укрупненная сделка"/>
        </ExportManifestProperty>
        <ExportManifestProperty>
            <EntityAcl>
                <entriesInheriting>true</entriesInheriting>
                <owner>admin</owner>
                <ownerType>USER</ownerType>
            </EntityAcl>
        </ExportManifestProperty>
    </ExportManifestEntity>
    <ExportManifestEntity path="reports/generalized_deal/Укрупненная сделка.cdfde">
        <ExportManifestProperty>
            <EntityMetaData name="Укрупненная сделка.cdfde" createdDate="2020-02-10T17:34:12.618+03:00" isFolder="false" path="reports/generalized_deal/Укрупненная сделка.cdfde" isHidden="false" isSchedulable="true" locale="en_US" title="Укрупненная сделка.cdfde"/>
        </ExportManifestProperty>
        <ExportManifestProperty>
            <EntityAcl>
                <entriesInheriting>true</entriesInheriting>
                <owner>admin</owner>
                <ownerType>USER</ownerType>
            </EntityAcl>
        </ExportManifestProperty>
    </ExportManifestEntity>
    <ExportManifestEntity path="reports/gkh">
        <ExportManifestProperty>
            <EntityMetaData name="gkh" createdDate="2019-05-21T15:37:26.554+03:00" isFolder="true" path="reports/gkh" isHidden="false" isSchedulable="false" locale="en_US" title="gkh"/>
        </ExportManifestProperty>
        <ExportManifestProperty>
            <EntityAcl>
                <entriesInheriting>true</entriesInheriting>
                <owner>admin</owner>
                <ownerType>USER</ownerType>
            </EntityAcl>
        </ExportManifestProperty>
    </ExportManifestEntity>
    <ExportManifestEntity path="reports/gkh/Отчет по ГИС ЖКХ.cda">
        <ExportManifestProperty>
            <EntityMetaData name="Отчет по ГИС ЖКХ.cda" createdDate="2019-05-21T15:37:26.564+03:00" isFolder="false" path="reports/gkh/Отчет по ГИС ЖКХ.cda" isHidden="false" isSchedulable="true" locale="en_US" title="Отчет по ГИС ЖКХ"/>
        </ExportManifestProperty>
        <ExportManifestProperty>
            <EntityAcl>
                <entriesInheriting>true</entriesInheriting>
                <owner>admin</owner>
                <ownerType>USER</ownerType>
            </EntityAcl>
        </ExportManifestProperty>
    </ExportManifestEntity>
    <ExportManifestEntity path="reports/gkh/Отчет по ГИС ЖКХ.cdfde">
        <ExportManifestProperty>
            <EntityMetaData name="Отчет по ГИС ЖКХ.cdfde" createdDate="2019-05-21T15:37:26.645+03:00" isFolder="false" path="reports/gkh/Отчет по ГИС ЖКХ.cdfde" isHidden="false" isSchedulable="true" locale="en_US" title="Отчет по ГИС ЖКХ.cdfde"/>
        </ExportManifestProperty>
        <ExportManifestProperty>
            <EntityAcl>
                <entriesInheriting>true</entriesInheriting>
                <owner>admin</owner>
                <ownerType>USER</ownerType>
            </EntityAcl>
        </ExportManifestProperty>
    </ExportManifestEntity>
    <ExportManifestEntity path="reports/gkh/Отчет по ГИС ЖКХ.wcdf">
        <ExportManifestProperty>
            <EntityMetaData name="Отчет по ГИС ЖКХ.wcdf" createdDate="2019-05-21T15:37:26.694+03:00" isFolder="false" path="reports/gkh/Отчет по ГИС ЖКХ.wcdf" isHidden="false" isSchedulable="true" locale="en_US" title="Отчет по ГИС ЖКХ.wcdf"/>
        </ExportManifestProperty>
        <ExportManifestProperty>
            <EntityAcl>
                <entriesInheriting>true</entriesInheriting>
                <owner>admin</owner>
                <ownerType>USER</ownerType>
            </EntityAcl>
        </ExportManifestProperty>
    </ExportManifestEntity>
    <ExportManifestEntity path="reports/kpi">
        <ExportManifestProperty>
            <EntityMetaData name="kpi" createdDate="2019-05-21T15:37:26.738+03:00" isFolder="true" path="reports/kpi" isHidden="false" isSchedulable="false" locale="en_US" title="kpi"/>
        </ExportManifestProperty>
        <ExportManifestProperty>
            <EntityAcl>
                <entriesInheriting>true</entriesInheriting>
                <owner>admin</owner>
                <ownerType>USER</ownerType>
            </EntityAcl>
        </ExportManifestProperty>
    </ExportManifestEntity>
    <ExportManifestEntity path="reports/kpi/report_kpi_v7.3.prpt">
        <ExportManifestProperty>
            <EntityMetaData name="report_kpi_v7.3.prpt" createdDate="2019-05-21T15:37:27.069+03:00" isFolder="false" path="reports/kpi/report_kpi_v7.3.prpt" isHidden="false" isSchedulable="true" locale="en_US" title="report_kpi_v7.3"/>
        </ExportManifestProperty>
        <ExportManifestProperty>
            <EntityAcl>
                <entriesInheriting>true</entriesInheriting>
                <owner>admin</owner>
                <ownerType>USER</ownerType>
            </EntityAcl>
        </ExportManifestProperty>
    </ExportManifestEntity>
    <ExportManifestEntity path="reports/ld_edit">
        <ExportManifestProperty>
            <EntityMetaData name="ld_edit" createdDate="2020-02-10T12:45:53.603+03:00" isFolder="true" path="reports/ld_edit" isHidden="false" isSchedulable="false" locale="en_US" title="ld_edit"/>
        </ExportManifestProperty>
        <ExportManifestProperty>
            <EntityAcl>
                <entriesInheriting>true</entriesInheriting>
                <owner>admin</owner>
                <ownerType>USER</ownerType>
            </EntityAcl>
        </ExportManifestProperty>
    </ExportManifestEntity>
    <ExportManifestEntity path="reports/ld_edit/insert_test.ktr">
        <ExportManifestProperty>
            <EntityMetaData name="insert_test.ktr" createdDate="2020-03-04T15:39:22.948+03:00" isFolder="false" path="reports/ld_edit/insert_test.ktr" isHidden="true" isSchedulable="true" locale="en_US" title="insert_test"/>
        </ExportManifestProperty>
        <ExportManifestProperty>
            <EntityAcl>
                <entriesInheriting>true</entriesInheriting>
                <owner>admin</owner>
                <ownerType>USER</ownerType>
            </EntityAcl>
        </ExportManifestProperty>
    </ExportManifestEntity>
    <ExportManifestEntity path="reports/ld_edit/Укрупненная сделка.cda">
        <ExportManifestProperty>
            <EntityMetaData name="Укрупненная сделка.cda" createdDate="2020-02-10T12:46:55.764+03:00" isFolder="false" path="reports/ld_edit/Укрупненная сделка.cda" isHidden="false" isSchedulable="true" locale="en_US" title="Укрупненная сделка"/>
        </ExportManifestProperty>
        <ExportManifestProperty>
            <EntityAcl>
                <entriesInheriting>true</entriesInheriting>
                <owner>admin</owner>
                <ownerType>USER</ownerType>
            </EntityAcl>
        </ExportManifestProperty>
    </ExportManifestEntity>
    <ExportManifestEntity path="reports/ld_edit/Укрупненная сделка.cdfde">
        <ExportManifestProperty>
            <EntityMetaData name="Укрупненная сделка.cdfde" createdDate="2020-02-10T12:47:09.788+03:00" isFolder="false" path="reports/ld_edit/Укрупненная сделка.cdfde" isHidden="false" isSchedulable="true" locale="en_US" title="Укрупненная сделка.cdfde"/>
        </ExportManifestProperty>
        <ExportManifestProperty>
            <EntityAcl>
                <entriesInheriting>true</entriesInheriting>
                <owner>admin</owner>
                <ownerType>USER</ownerType>
            </EntityAcl>
        </ExportManifestProperty>
    </ExportManifestEntity>
    <ExportManifestEntity path="reports/ld_edit/Укрупненная сделка.wcdf">
        <ExportManifestProperty>
            <EntityMetaData name="Укрупненная сделка.wcdf" createdDate="2020-02-10T12:47:19.224+03:00" isFolder="false" path="reports/ld_edit/Укрупненная сделка.wcdf" isHidden="false" isSchedulable="true" locale="en_US" title="Укрупненная сделка.wcdf"/>
        </ExportManifestProperty>
        <ExportManifestProperty>
            <EntityAcl>
                <entriesInheriting>true</entriesInheriting>
                <owner>admin</owner>
                <ownerType>USER</ownerType>
            </EntityAcl>
        </ExportManifestProperty>
    </ExportManifestEntity>
    <ExportManifestEntity path="reports/ld_prod">
        <ExportManifestProperty>
            <EntityMetaData name="ld_prod" createdDate="2020-02-14T14:28:41.392+03:00" isFolder="true" path="reports/ld_prod" isHidden="false" isSchedulable="false" locale="en_US" title="ld_prod"/>
        </ExportManifestProperty>
        <ExportManifestProperty>
            <EntityAcl>
                <entriesInheriting>true</entriesInheriting>
                <owner>admin</owner>
                <ownerType>USER</ownerType>
            </EntityAcl>
        </ExportManifestProperty>
    </ExportManifestEntity>
    <ExportManifestEntity path="reports/ld_prod/Укрупненная сделка.cda">
        <ExportManifestProperty>
            <EntityMetaData name="Укрупненная сделка.cda" createdDate="2020-02-14T14:28:59.920+03:00" isFolder="false" path="reports/ld_prod/Укрупненная сделка.cda" isHidden="false" isSchedulable="true" locale="en_US" title="Укрупненная сделка"/>
        </ExportManifestProperty>
        <ExportManifestProperty>
            <EntityAcl>
                <entriesInheriting>true</entriesInheriting>
                <owner>admin</owner>
                <ownerType>USER</ownerType>
            </EntityAcl>
        </ExportManifestProperty>
    </ExportManifestEntity>
    <ExportManifestEntity path="reports/ld_prod/Укрупненная сделка.cdfde">
        <ExportManifestProperty>
            <EntityMetaData name="Укрупненная сделка.cdfde" createdDate="2020-02-14T14:29:13.953+03:00" isFolder="false" path="reports/ld_prod/Укрупненная сделка.cdfde" isHidden="false" isSchedulable="true" locale="en_US" title="Укрупненная сделка.cdfde"/>
        </ExportManifestProperty>
        <ExportManifestProperty>
            <EntityAcl>
                <entriesInheriting>true</entriesInheriting>
                <owner>admin</owner>
                <ownerType>USER</ownerType>
            </EntityAcl>
        </ExportManifestProperty>
    </ExportManifestEntity>
    <ExportManifestEntity path="reports/ld_prod/Укрупненная сделка.wcdf">
        <ExportManifestProperty>
            <EntityMetaData name="Укрупненная сделка.wcdf" createdDate="2020-02-14T14:29:33.596+03:00" isFolder="false" path="reports/ld_prod/Укрупненная сделка.wcdf" isHidden="false" isSchedulable="true" locale="en_US" title="Укрупненная сделка.wcdf"/>
        </ExportManifestProperty>
        <ExportManifestProperty>
            <EntityAcl>
                <entriesInheriting>true</entriesInheriting>
                <owner>admin</owner>
                <ownerType>USER</ownerType>
            </EntityAcl>
        </ExportManifestProperty>
    </ExportManifestEntity>
    <ExportManifestEntity path="reports/mmpo_kpi">
        <ExportManifestProperty>
            <EntityMetaData name="mmpo_kpi" createdDate="2019-05-21T15:37:27.644+03:00" isFolder="true" path="reports/mmpo_kpi" isHidden="false" isSchedulable="false" locale="en_US" title="mmpo_kpi"/>
        </ExportManifestProperty>
        <ExportManifestProperty>
            <EntityAcl>
                <entriesInheriting>true</entriesInheriting>
                <owner>admin</owner>
                <ownerType>USER</ownerType>
            </EntityAcl>
        </ExportManifestProperty>
    </ExportManifestEntity>
    <ExportManifestEntity path="reports/mmpo_kpi/KPI ММПО доставка.cda">
        <ExportManifestProperty>
            <EntityMetaData name="KPI ММПО доставка.cda" createdDate="2019-05-21T15:37:27.654+03:00" isFolder="false" path="reports/mmpo_kpi/KPI ММПО доставка.cda" isHidden="false" isSchedulable="true" locale="en_US" title="KPI ММПО доставка"/>
        </ExportManifestProperty>
        <ExportManifestProperty>
            <EntityAcl>
                <entriesInheriting>true</entriesInheriting>
                <owner>admin</owner>
                <ownerType>USER</ownerType>
            </EntityAcl>
        </ExportManifestProperty>
    </ExportManifestEntity>
    <ExportManifestEntity path="reports/mmpo_kpi/KPI ММПО доставка.cdfde">
        <ExportManifestProperty>
            <EntityMetaData name="KPI ММПО доставка.cdfde" createdDate="2019-05-21T15:37:27.682+03:00" isFolder="false" path="reports/mmpo_kpi/KPI ММПО доставка.cdfde" isHidden="false" isSchedulable="true" locale="en_US" title="KPI ММПО доставка.cdfde"/>
        </ExportManifestProperty>
        <ExportManifestProperty>
            <EntityAcl>
                <entriesInheriting>true</entriesInheriting>
                <owner>admin</owner>
                <ownerType>USER</ownerType>
            </EntityAcl>
        </ExportManifestProperty>
    </ExportManifestEntity>
    <ExportManifestEntity path="reports/mmpo_kpi/KPI ММПО доставка.wcdf">
        <ExportManifestProperty>
            <EntityMetaData name="KPI ММПО доставка.wcdf" createdDate="2019-05-21T15:37:27.727+03:00" isFolder="false" path="reports/mmpo_kpi/KPI ММПО доставка.wcdf" isHidden="false" isSchedulable="true" locale="en_US" title="KPI ММПО доставка.wcdf"/>
        </ExportManifestProperty>
        <ExportManifestProperty>
            <EntityAcl>
                <entriesInheriting>true</entriesInheriting>
                <owner>admin</owner>
                <ownerType>USER</ownerType>
            </EntityAcl>
        </ExportManifestProperty>
    </ExportManifestEntity>
    <ExportManifestEntity path="reports/mmpo_kpi/KPI ММПО обработка.cda">
        <ExportManifestProperty>
            <EntityMetaData name="KPI ММПО обработка.cda" createdDate="2019-05-21T15:37:27.783+03:00" isFolder="false" path="reports/mmpo_kpi/KPI ММПО обработка.cda" isHidden="false" isSchedulable="true" locale="en_US" title="KPI ММПО обработка"/>
        </ExportManifestProperty>
        <ExportManifestProperty>
            <EntityAcl>
                <entriesInheriting>true</entriesInheriting>
                <owner>admin</owner>
                <ownerType>USER</ownerType>
            </EntityAcl>
        </ExportManifestProperty>
    </ExportManifestEntity>
    <ExportManifestEntity path="reports/mmpo_kpi/KPI ММПО обработка.cdfde">
        <ExportManifestProperty>
            <EntityMetaData name="KPI ММПО обработка.cdfde" createdDate="2019-05-21T15:37:27.858+03:00" isFolder="false" path="reports/mmpo_kpi/KPI ММПО обработка.cdfde" isHidden="false" isSchedulable="true" locale="en_US" title="KPI ММПО обработка.cdfde"/>
        </ExportManifestProperty>
        <ExportManifestProperty>
            <EntityAcl>
                <entriesInheriting>true</entriesInheriting>
                <owner>admin</owner>
                <ownerType>USER</ownerType>
            </EntityAcl>
        </ExportManifestProperty>
    </ExportManifestEntity>
    <ExportManifestEntity path="reports/mmpo_kpi/KPI ММПО обработка.wcdf">
        <ExportManifestProperty>
            <EntityMetaData name="KPI ММПО обработка.wcdf" createdDate="2019-05-21T15:37:27.918+03:00" isFolder="false" path="reports/mmpo_kpi/KPI ММПО обработка.wcdf" isHidden="false" isSchedulable="true" locale="en_US" title="KPI ММПО обработка.wcdf"/>
        </ExportManifestProperty>
        <ExportManifestProperty>
            <EntityAcl>
                <entriesInheriting>true</entriesInheriting>
                <owner>admin</owner>
                <ownerType>USER</ownerType>
            </EntityAcl>
        </ExportManifestProperty>
    </ExportManifestEntity>
    <ExportManifestEntity path="reports/monitoring">
        <ExportManifestProperty>
            <EntityMetaData name="monitoring" createdDate="2019-05-21T15:37:27.972+03:00" isFolder="true" path="reports/monitoring" isHidden="false" isSchedulable="false" locale="en_US" title="monitoring"/>
        </ExportManifestProperty>
        <ExportManifestProperty>
            <EntityAcl>
                <entriesInheriting>true</entriesInheriting>
                <owner>admin</owner>
                <ownerType>USER</ownerType>
            </EntityAcl>
        </ExportManifestProperty>
    </ExportManifestEntity>
    <ExportManifestEntity path="reports/monitoring/dataStatisticsReport_v21.prpt">
        <ExportManifestProperty>
            <EntityMetaData name="dataStatisticsReport_v21.prpt" createdDate="2019-05-21T15:37:28.166+03:00" isFolder="false" path="reports/monitoring/dataStatisticsReport_v21.prpt" isHidden="false" isSchedulable="true" locale="en_US" title="Статистика передачи данных 2.1"/>
        </ExportManifestProperty>
        <ExportManifestProperty>
            <EntityAcl>
                <entriesInheriting>true</entriesInheriting>
                <owner>admin</owner>
                <ownerType>USER</ownerType>
            </EntityAcl>
        </ExportManifestProperty>
    </ExportManifestEntity>
    <ExportManifestEntity path="reports/monitoring/dataStatisticsSilentObjectsReport.prpt">
        <ExportManifestProperty>
            <EntityMetaData name="dataStatisticsSilentObjectsReport.prpt" createdDate="2019-05-21T15:37:28.024+03:00" isFolder="false" path="reports/monitoring/dataStatisticsSilentObjectsReport.prpt" isHidden="false" isSchedulable="true" locale="en_US" title="Контроль передачи данных"/>
        </ExportManifestProperty>
        <ExportManifestProperty>
            <EntityAcl>
                <entriesInheriting>true</entriesInheriting>
                <owner>admin</owner>
                <ownerType>USER</ownerType>
            </EntityAcl>
        </ExportManifestProperty>
    </ExportManifestEntity>
    <ExportManifestEntity path="reports/ostatki">
        <ExportManifestProperty>
            <EntityMetaData name="ostatki" createdDate="2019-05-21T15:37:28.277+03:00" isFolder="true" path="reports/ostatki" isHidden="false" isSchedulable="false" locale="en_US" title="ostatki"/>
        </ExportManifestProperty>
        <ExportManifestProperty>
            <EntityAcl>
                <entriesInheriting>true</entriesInheriting>
                <owner>admin</owner>
                <ownerType>USER</ownerType>
            </EntityAcl>
        </ExportManifestProperty>
    </ExportManifestEntity>
    <ExportManifestEntity path="reports/ostatki/Отчет по остаткам.cda">
        <ExportManifestProperty>
            <EntityMetaData name="Отчет по остаткам.cda" createdDate="2019-05-21T15:37:28.295+03:00" isFolder="false" path="reports/ostatki/Отчет по остаткам.cda" isHidden="false" isSchedulable="true" locale="en_US" title="Отчет по остаткам"/>
        </ExportManifestProperty>
        <ExportManifestProperty>
            <EntityAcl>
                <entriesInheriting>true</entriesInheriting>
                <owner>admin</owner>
                <ownerType>USER</ownerType>
            </EntityAcl>
        </ExportManifestProperty>
    </ExportManifestEntity>
    <ExportManifestEntity path="reports/ostatki/Отчет по остаткам.cdfde">
        <ExportManifestProperty>
            <EntityMetaData name="Отчет по остаткам.cdfde" createdDate="2019-05-21T15:37:28.355+03:00" isFolder="false" path="reports/ostatki/Отчет по остаткам.cdfde" isHidden="false" isSchedulable="true" locale="en_US" title="Отчет по остаткам.cdfde"/>
        </ExportManifestProperty>
        <ExportManifestProperty>
            <EntityAcl>
                <entriesInheriting>true</entriesInheriting>
                <owner>admin</owner>
                <ownerType>USER</ownerType>
            </EntityAcl>
        </ExportManifestProperty>
    </ExportManifestEntity>
    <ExportManifestEntity path="reports/ostatki/Отчет по остаткам.wcdf">
        <ExportManifestProperty>
            <EntityMetaData name="Отчет по остаткам.wcdf" createdDate="2019-05-21T15:37:28.405+03:00" isFolder="false" path="reports/ostatki/Отчет по остаткам.wcdf" isHidden="false" isSchedulable="true" locale="en_US" title="Отчет по остаткам.wcdf"/>
        </ExportManifestProperty>
        <ExportManifestProperty>
            <EntityAcl>
                <entriesInheriting>true</entriesInheriting>
                <owner>admin</owner>
                <ownerType>USER</ownerType>
            </EntityAcl>
        </ExportManifestProperty>
    </ExportManifestEntity>
    <ExportManifestEntity path="reports/rpo_return">
        <ExportManifestProperty>
            <EntityMetaData name="rpo_return" createdDate="2019-05-21T15:37:28.458+03:00" isFolder="true" path="reports/rpo_return" isHidden="false" isSchedulable="false" locale="en_US" title="rpo_return"/>
        </ExportManifestProperty>
        <ExportManifestProperty>
            <EntityAcl>
                <entriesInheriting>true</entriesInheriting>
                <owner>admin</owner>
                <ownerType>USER</ownerType>
            </EntityAcl>
        </ExportManifestProperty>
    </ExportManifestEntity>
    <ExportManifestEntity path="reports/rpo_return/Возвраты посылочной почты.cda">
        <ExportManifestProperty>
            <EntityMetaData name="Возвраты посылочной почты.cda" createdDate="2019-05-21T15:37:28.468+03:00" isFolder="false" path="reports/rpo_return/Возвраты посылочной почты.cda" isHidden="false" isSchedulable="true" locale="en_US" title="Возвраты посылочной почты"/>
        </ExportManifestProperty>
        <ExportManifestProperty>
            <EntityAcl>
                <entriesInheriting>true</entriesInheriting>
                <owner>admin</owner>
                <ownerType>USER</ownerType>
            </EntityAcl>
        </ExportManifestProperty>
    </ExportManifestEntity>
    <ExportManifestEntity path="reports/rpo_return/Возвраты посылочной почты.cdfde">
        <ExportManifestProperty>
            <EntityMetaData name="Возвраты посылочной почты.cdfde" createdDate="2019-05-21T15:37:28.500+03:00" isFolder="false" path="reports/rpo_return/Возвраты посылочной почты.cdfde" isHidden="false" isSchedulable="true" locale="en_US" title="Возвраты посылочной почты.cdfde"/>
        </ExportManifestProperty>
        <ExportManifestProperty>
            <EntityAcl>
                <entriesInheriting>true</entriesInheriting>
                <owner>admin</owner>
                <ownerType>USER</ownerType>
            </EntityAcl>
        </ExportManifestProperty>
    </ExportManifestEntity>
    <ExportManifestEntity path="reports/rpo_return/Возвраты посылочной почты.wcdf">
        <ExportManifestProperty>
            <EntityMetaData name="Возвраты посылочной почты.wcdf" createdDate="2019-05-21T15:37:28.561+03:00" isFolder="false" path="reports/rpo_return/Возвраты посылочной почты.wcdf" isHidden="false" isSchedulable="true" locale="en_US" title="Возвраты посылочной почты.wcdf"/>
        </ExportManifestProperty>
        <ExportManifestProperty>
            <EntityAcl>
                <entriesInheriting>true</entriesInheriting>
                <owner>admin</owner>
                <ownerType>USER</ownerType>
            </EntityAcl>
        </ExportManifestProperty>
    </ExportManifestEntity>
    <ExportManifestEntity path="reports/sla">
        <ExportManifestProperty>
            <EntityMetaData name="sla" createdDate="2019-05-21T15:37:28.761+03:00" isFolder="true" path="reports/sla" isHidden="false" isSchedulable="false" locale="en_US" title="sla"/>
        </ExportManifestProperty>
        <ExportManifestProperty>
            <EntityAcl>
                <entriesInheriting>true</entriesInheriting>
                <owner>admin</owner>
                <ownerType>USER</ownerType>
            </EntityAcl>
        </ExportManifestProperty>
    </ExportManifestEntity>
    <ExportManifestEntity path="reports/sla/Отчет по SLA для посылочной почты.cda">
        <ExportManifestProperty>
            <EntityMetaData name="Отчет по SLA для посылочной почты.cda" createdDate="2019-05-21T15:37:28.773+03:00" isFolder="false" path="reports/sla/Отчет по SLA для посылочной почты.cda" isHidden="false" isSchedulable="true" locale="en_US" title="Отчет по SLA для посылочной почты"/>
        </ExportManifestProperty>
        <ExportManifestProperty>
            <EntityAcl>
                <entriesInheriting>true</entriesInheriting>
                <owner>admin</owner>
                <ownerType>USER</ownerType>
            </EntityAcl>
        </ExportManifestProperty>
    </ExportManifestEntity>
    <ExportManifestEntity path="reports/sla/Отчет по SLA для посылочной почты.cdfde">
        <ExportManifestProperty>
            <EntityMetaData name="Отчет по SLA для посылочной почты.cdfde" createdDate="2019-05-21T15:37:28.852+03:00" isFolder="false" path="reports/sla/Отчет по SLA для посылочной почты.cdfde" isHidden="false" isSchedulable="true" locale="en_US" title="Отчет по SLA для посылочной почты.cdfde"/>
        </ExportManifestProperty>
        <ExportManifestProperty>
            <EntityAcl>
                <entriesInheriting>true</entriesInheriting>
                <owner>admin</owner>
                <ownerType>USER</ownerType>
            </EntityAcl>
        </ExportManifestProperty>
    </ExportManifestEntity>
    <ExportManifestEntity path="reports/sla/Отчет по SLA для посылочной почты.wcdf">
        <ExportManifestProperty>
            <EntityMetaData name="Отчет по SLA для посылочной почты.wcdf" createdDate="2019-05-21T15:37:28.896+03:00" isFolder="false" path="reports/sla/Отчет по SLA для посылочной почты.wcdf" isHidden="false" isSchedulable="true" locale="en_US" title="Отчет по SLA для посылочной почты.wcdf"/>
        </ExportManifestProperty>
        <ExportManifestProperty>
            <EntityAcl>
                <entriesInheriting>true</entriesInheriting>
                <owner>admin</owner>
                <ownerType>USER</ownerType>
            </EntityAcl>
        </ExportManifestProperty>
    </ExportManifestEntity>
    <ExportManifestEntity path="reports/sorting_balances">
        <ExportManifestProperty>
            <EntityMetaData name="sorting_balances" createdDate="2019-05-21T15:37:29.081+03:00" isFolder="true" path="reports/sorting_balances" isHidden="false" isSchedulable="false" locale="en_US" title="sorting_balances"/>
        </ExportManifestProperty>
        <ExportManifestProperty>
            <EntityAcl>
                <entriesInheriting>true</entriesInheriting>
                <owner>admin</owner>
                <ownerType>USER</ownerType>
            </EntityAcl>
        </ExportManifestProperty>
    </ExportManifestEntity>
    <ExportManifestEntity path="reports/sorting_balances/SortingBalances.cda">
        <ExportManifestProperty>
            <EntityMetaData name="SortingBalances.cda" createdDate="2019-05-21T15:37:29.104+03:00" isFolder="false" path="reports/sorting_balances/SortingBalances.cda" isHidden="false" isSchedulable="true" locale="en_US" title="SortingBalances"/>
        </ExportManifestProperty>
        <ExportManifestProperty>
            <EntityAcl>
                <entriesInheriting>true</entriesInheriting>
                <owner>admin</owner>
                <ownerType>USER</ownerType>
            </EntityAcl>
        </ExportManifestProperty>
    </ExportManifestEntity>
    <ExportManifestEntity path="reports/sorting_balances/SortingBalances.cdfde">
        <ExportManifestProperty>
            <EntityMetaData name="SortingBalances.cdfde" createdDate="2019-05-21T15:37:29.282+03:00" isFolder="false" path="reports/sorting_balances/SortingBalances.cdfde" isHidden="false" isSchedulable="true" locale="en_US" title="SortingBalances.cdfde"/>
        </ExportManifestProperty>
        <ExportManifestProperty>
            <EntityAcl>
                <entriesInheriting>true</entriesInheriting>
                <owner>admin</owner>
                <ownerType>USER</ownerType>
            </EntityAcl>
        </ExportManifestProperty>
    </ExportManifestEntity>
    <ExportManifestEntity path="reports/sorting_balances/SortingBalances.wcdf">
        <ExportManifestProperty>
            <EntityMetaData name="SortingBalances.wcdf" createdDate="2019-05-21T15:37:29.346+03:00" isFolder="false" path="reports/sorting_balances/SortingBalances.wcdf" isHidden="false" isSchedulable="true" locale="en_US" title="SortingBalances.wcdf"/>
        </ExportManifestProperty>
        <ExportManifestProperty>
            <EntityAcl>
                <entriesInheriting>true</entriesInheriting>
                <owner>admin</owner>
                <ownerType>USER</ownerType>
            </EntityAcl>
        </ExportManifestProperty>
    </ExportManifestEntity>
    <ExportManifestEntity path="reports/sorting_balances_v2">
        <ExportManifestProperty>
            <EntityMetaData name="sorting_balances_v2" createdDate="2019-05-21T15:37:29.377+03:00" isFolder="true" path="reports/sorting_balances_v2" isHidden="false" isSchedulable="false" locale="en_US" title="sorting_balances_v2"/>
        </ExportManifestProperty>
        <ExportManifestProperty>
            <EntityAcl>
                <entriesInheriting>true</entriesInheriting>
                <owner>admin</owner>
                <ownerType>USER</ownerType>
            </EntityAcl>
        </ExportManifestProperty>
    </ExportManifestEntity>
    <ExportManifestEntity path="reports/sorting_balances_v2/Остатки в цехах.cda">
        <ExportManifestProperty>
            <EntityMetaData name="Остатки в цехах.cda" createdDate="2019-05-21T15:37:29.390+03:00" isFolder="false" path="reports/sorting_balances_v2/Остатки в цехах.cda" isHidden="false" isSchedulable="true" locale="en_US" title="Остатки в цехах"/>
        </ExportManifestProperty>
        <ExportManifestProperty>
            <EntityAcl>
                <entriesInheriting>true</entriesInheriting>
                <owner>admin</owner>
                <ownerType>USER</ownerType>
            </EntityAcl>
        </ExportManifestProperty>
    </ExportManifestEntity>
    <ExportManifestEntity path="reports/sorting_balances_v2/Остатки в цехах.cdfde">
        <ExportManifestProperty>
            <EntityMetaData name="Остатки в цехах.cdfde" createdDate="2019-05-21T15:37:29.460+03:00" isFolder="false" path="reports/sorting_balances_v2/Остатки в цехах.cdfde" isHidden="false" isSchedulable="true" locale="en_US" title="Остатки в цехах.cdfde"/>
        </ExportManifestProperty>
        <ExportManifestProperty>
            <EntityAcl>
                <entriesInheriting>true</entriesInheriting>
                <owner>admin</owner>
                <ownerType>USER</ownerType>
            </EntityAcl>
        </ExportManifestProperty>
    </ExportManifestEntity>
    <ExportManifestEntity path="reports/sorting_balances_v2/Остатки в цехах.wcdf">
        <ExportManifestProperty>
            <EntityMetaData name="Остатки в цехах.wcdf" createdDate="2019-05-21T15:37:29.496+03:00" isFolder="false" path="reports/sorting_balances_v2/Остатки в цехах.wcdf" isHidden="false" isSchedulable="true" locale="en_US" title="Остатки в цехах.wcdf"/>
        </ExportManifestProperty>
        <ExportManifestProperty>
            <EntityAcl>
                <entriesInheriting>true</entriesInheriting>
                <owner>admin</owner>
                <ownerType>USER</ownerType>
            </EntityAcl>
        </ExportManifestProperty>
    </ExportManifestEntity>
    <ExportManifestEntity path="reports/trace">
        <ExportManifestProperty>
            <EntityMetaData name="trace" createdDate="2019-05-21T15:37:29.559+03:00" isFolder="true" path="reports/trace" isHidden="false" isSchedulable="false" locale="en_US" title="trace"/>
        </ExportManifestProperty>
        <ExportManifestProperty>
            <EntityAcl>
                <entriesInheriting>true</entriesInheriting>
                <owner>admin</owner>
                <ownerType>USER</ownerType>
            </EntityAcl>
        </ExportManifestProperty>
    </ExportManifestEntity>
    <ExportManifestEntity path="reports/trace/operations.ktr">
        <ExportManifestProperty>
            <EntityMetaData name="operations.ktr" createdDate="2019-05-21T15:37:29.796+03:00" isFolder="false" path="reports/trace/operations.ktr" isHidden="true" isSchedulable="true" locale="en_US" title="operations"/>
        </ExportManifestProperty>
        <ExportManifestProperty>
            <EntityAcl>
                <entriesInheriting>true</entriesInheriting>
                <owner>admin</owner>
                <ownerType>USER</ownerType>
            </EntityAcl>
        </ExportManifestProperty>
    </ExportManifestEntity>
    <ExportManifestEntity path="reports/trace/rpo_info.ktr">
        <ExportManifestProperty>
            <EntityMetaData name="rpo_info.ktr" createdDate="2019-05-21T15:37:30.562+03:00" isFolder="false" path="reports/trace/rpo_info.ktr" isHidden="true" isSchedulable="true" locale="en_US" title="rpo_info"/>
        </ExportManifestProperty>
        <ExportManifestProperty>
            <EntityAcl>
                <entriesInheriting>true</entriesInheriting>
                <owner>admin</owner>
                <ownerType>USER</ownerType>
            </EntityAcl>
        </ExportManifestProperty>
    </ExportManifestEntity>
    <ExportManifestEntity path="reports/trace/tracingRPO.prpt">
        <ExportManifestProperty>
            <EntityMetaData name="tracingRPO.prpt" createdDate="2019-05-21T15:37:31.094+03:00" isFolder="false" path="reports/trace/tracingRPO.prpt" isHidden="false" isSchedulable="true" locale="en_US" title="Трассровка РПО 2.0"/>
        </ExportManifestProperty>
        <ExportManifestProperty>
            <EntityAcl>
                <entriesInheriting>true</entriesInheriting>
                <owner>admin</owner>
                <ownerType>USER</ownerType>
            </EntityAcl>
        </ExportManifestProperty>
    </ExportManifestEntity>
    <ExportManifestEntity path="reports/trace_bags">
        <ExportManifestProperty>
            <EntityMetaData name="trace_bags" createdDate="2019-05-21T15:37:31.179+03:00" isFolder="true" path="reports/trace_bags" isHidden="false" isSchedulable="false" locale="en_US" title="trace_bags"/>
        </ExportManifestProperty>
        <ExportManifestProperty>
            <EntityAcl>
                <entriesInheriting>true</entriesInheriting>
                <owner>admin</owner>
                <ownerType>USER</ownerType>
            </EntityAcl>
        </ExportManifestProperty>
    </ExportManifestEntity>
    <ExportManifestEntity path="reports/trace_bags/bag_info.ktr">
        <ExportManifestProperty>
            <EntityMetaData name="bag_info.ktr" createdDate="2019-05-21T15:37:31.235+03:00" isFolder="false" path="reports/trace_bags/bag_info.ktr" isHidden="true" isSchedulable="true" locale="en_US" title="bag_info"/>
        </ExportManifestProperty>
        <ExportManifestProperty>
            <EntityAcl>
                <entriesInheriting>true</entriesInheriting>
                <owner>admin</owner>
                <ownerType>USER</ownerType>
            </EntityAcl>
        </ExportManifestProperty>
    </ExportManifestEntity>
    <ExportManifestEntity path="reports/trace_bags/operations.ktr">
        <ExportManifestProperty>
            <EntityMetaData name="operations.ktr" createdDate="2019-05-21T15:37:32.209+03:00" isFolder="false" path="reports/trace_bags/operations.ktr" isHidden="true" isSchedulable="true" locale="en_US" title="operations"/>
        </ExportManifestProperty>
        <ExportManifestProperty>
            <EntityAcl>
                <entriesInheriting>true</entriesInheriting>
                <owner>admin</owner>
                <ownerType>USER</ownerType>
            </EntityAcl>
        </ExportManifestProperty>
    </ExportManifestEntity>
    <ExportManifestEntity path="reports/trace_bags/tracing_bag.prpt">
        <ExportManifestProperty>
            <EntityMetaData name="tracing_bag.prpt" createdDate="2019-05-21T15:37:33.316+03:00" isFolder="false" path="reports/trace_bags/tracing_bag.prpt" isHidden="false" isSchedulable="true" locale="en_US" title="Трассировка по емкости 2.0"/>
        </ExportManifestProperty>
        <ExportManifestProperty>
            <EntityAcl>
                <entriesInheriting>true</entriesInheriting>
                <owner>admin</owner>
                <ownerType>USER</ownerType>
            </EntityAcl>
        </ExportManifestProperty>
    </ExportManifestEntity>
    <ExportManifestEntity path="reports/trace_bags_v3">
        <ExportManifestProperty>
            <EntityMetaData name="trace_bags_v3" createdDate="2019-05-21T15:37:33.407+03:00" isFolder="true" path="reports/trace_bags_v3" isHidden="false" isSchedulable="false" locale="en_US" title="trace_bags_v3"/>
        </ExportManifestProperty>
        <ExportManifestProperty>
            <EntityAcl>
                <entriesInheriting>true</entriesInheriting>
                <owner>admin</owner>
                <ownerType>USER</ownerType>
            </EntityAcl>
        </ExportManifestProperty>
    </ExportManifestEntity>
    <ExportManifestEntity path="reports/trace_bags_v3/bag_info.ktr">
        <ExportManifestProperty>
            <EntityMetaData name="bag_info.ktr" createdDate="2019-05-21T15:37:33.542+03:00" isFolder="false" path="reports/trace_bags_v3/bag_info.ktr" isHidden="true" isSchedulable="true" locale="en_US" title="bag_info"/>
        </ExportManifestProperty>
        <ExportManifestProperty>
            <EntityAcl>
                <entriesInheriting>true</entriesInheriting>
                <owner>admin</owner>
                <ownerType>USER</ownerType>
            </EntityAcl>
        </ExportManifestProperty>
    </ExportManifestEntity>
    <ExportManifestEntity path="reports/trace_bags_v3/operations.ktr">
        <ExportManifestProperty>
            <EntityMetaData name="operations.ktr" createdDate="2019-05-21T15:37:34.564+03:00" isFolder="false" path="reports/trace_bags_v3/operations.ktr" isHidden="true" isSchedulable="true" locale="en_US" title="operations"/>
        </ExportManifestProperty>
        <ExportManifestProperty>
            <EntityAcl>
                <entriesInheriting>true</entriesInheriting>
                <owner>admin</owner>
                <ownerType>USER</ownerType>
            </EntityAcl>
        </ExportManifestProperty>
    </ExportManifestEntity>
    <ExportManifestEntity path="reports/trace_bags_v3/tracing_bag.prpt">
        <ExportManifestProperty>
            <EntityMetaData name="tracing_bag.prpt" createdDate="2019-05-21T15:37:35.272+03:00" isFolder="false" path="reports/trace_bags_v3/tracing_bag.prpt" isHidden="false" isSchedulable="true" locale="en_US" title="Трассировка по емкости 3.0 beta"/>
        </ExportManifestProperty>
        <ExportManifestProperty>
            <EntityAcl>
                <entriesInheriting>true</entriesInheriting>
                <owner>admin</owner>
                <ownerType>USER</ownerType>
            </EntityAcl>
        </ExportManifestProperty>
    </ExportManifestEntity>
    <ExportManifestEntity path="reports/trace_v3">
        <ExportManifestProperty>
            <EntityMetaData name="trace_v3" createdDate="2019-05-21T15:37:35.375+03:00" isFolder="true" path="reports/trace_v3" isHidden="false" isSchedulable="false" locale="en_US" title="trace_v3"/>
        </ExportManifestProperty>
        <ExportManifestProperty>
            <EntityAcl>
                <entriesInheriting>true</entriesInheriting>
                <owner>admin</owner>
                <ownerType>USER</ownerType>
            </EntityAcl>
        </ExportManifestProperty>
    </ExportManifestEntity>
    <ExportManifestEntity path="reports/trace_v3/links.ktr">
        <ExportManifestProperty>
            <EntityMetaData name="links.ktr" createdDate="2019-05-21T15:37:35.421+03:00" isFolder="false" path="reports/trace_v3/links.ktr" isHidden="true" isSchedulable="true" locale="en_US" title="links"/>
        </ExportManifestProperty>
        <ExportManifestProperty>
            <EntityAcl>
                <entriesInheriting>true</entriesInheriting>
                <owner>admin</owner>
                <ownerType>USER</ownerType>
            </EntityAcl>
        </ExportManifestProperty>
    </ExportManifestEntity>
    <ExportManifestEntity path="reports/trace_v3/operations.ktr">
        <ExportManifestProperty>
            <EntityMetaData name="operations.ktr" createdDate="2019-05-21T15:37:36.076+03:00" isFolder="false" path="reports/trace_v3/operations.ktr" isHidden="true" isSchedulable="true" locale="en_US" title="operations"/>
        </ExportManifestProperty>
        <ExportManifestProperty>
            <EntityAcl>
                <entriesInheriting>true</entriesInheriting>
                <owner>admin</owner>
                <ownerType>USER</ownerType>
            </EntityAcl>
        </ExportManifestProperty>
    </ExportManifestEntity>
    <ExportManifestEntity path="reports/trace_v3/rpo_attrs.ktr">
        <ExportManifestProperty>
            <EntityMetaData name="rpo_attrs.ktr" createdDate="2019-05-21T15:37:37.131+03:00" isFolder="false" path="reports/trace_v3/rpo_attrs.ktr" isHidden="true" isSchedulable="true" locale="en_US" title="rpo_attrs"/>
        </ExportManifestProperty>
        <ExportManifestProperty>
            <EntityAcl>
                <entriesInheriting>true</entriesInheriting>
                <owner>admin</owner>
                <ownerType>USER</ownerType>
            </EntityAcl>
        </ExportManifestProperty>
    </ExportManifestEntity>
    <ExportManifestEntity path="reports/trace_v3/rpo_attrs_info.ktr">
        <ExportManifestProperty>
            <EntityMetaData name="rpo_attrs_info.ktr" createdDate="2019-05-21T15:37:37.670+03:00" isFolder="false" path="reports/trace_v3/rpo_attrs_info.ktr" isHidden="true" isSchedulable="true" locale="en_US" title="rpo_attrs_info"/>
        </ExportManifestProperty>
        <ExportManifestProperty>
            <EntityAcl>
                <entriesInheriting>true</entriesInheriting>
                <owner>admin</owner>
                <ownerType>USER</ownerType>
            </EntityAcl>
        </ExportManifestProperty>
    </ExportManifestEntity>
    <ExportManifestEntity path="reports/trace_v3/rpo_info.ktr">
        <ExportManifestProperty>
            <EntityMetaData name="rpo_info.ktr" createdDate="2019-05-21T15:37:38.562+03:00" isFolder="false" path="reports/trace_v3/rpo_info.ktr" isHidden="true" isSchedulable="true" locale="en_US" title="rpo_info"/>
        </ExportManifestProperty>
        <ExportManifestProperty>
            <EntityAcl>
                <entriesInheriting>true</entriesInheriting>
                <owner>admin</owner>
                <ownerType>USER</ownerType>
            </EntityAcl>
        </ExportManifestProperty>
    </ExportManifestEntity>
    <ExportManifestEntity path="reports/trace_v3/tracingRPO.prpt">
        <ExportManifestProperty>
            <EntityMetaData name="tracingRPO.prpt" createdDate="2019-05-21T15:37:39.143+03:00" isFolder="false" path="reports/trace_v3/tracingRPO.prpt" isHidden="false" isSchedulable="true" locale="en_US" title="Трассировка РПО 3.0"/>
        </ExportManifestProperty>
        <ExportManifestProperty>
            <EntityAcl>
                <entriesInheriting>true</entriesInheriting>
                <owner>admin</owner>
                <ownerType>USER</ownerType>
            </EntityAcl>
        </ExportManifestProperty>
    </ExportManifestEntity>
    <ExportManifestEntity path="reports/trace_v3/tracingRPOAttributes.prpt">
        <ExportManifestProperty>
            <EntityMetaData name="tracingRPOAttributes.prpt" createdDate="2019-05-21T15:37:39.216+03:00" isFolder="false" path="reports/trace_v3/tracingRPOAttributes.prpt" isHidden="false" isSchedulable="true" locale="en_US" title="Трассировка РПО 3.0: Атрибуты РПО"/>
        </ExportManifestProperty>
        <ExportManifestProperty>
            <EntityAcl>
                <entriesInheriting>true</entriesInheriting>
                <owner>admin</owner>
                <ownerType>USER</ownerType>
            </EntityAcl>
        </ExportManifestProperty>
    </ExportManifestEntity>
    <ExportManifestEntity path="reports/trace_v3/tracingRPOLinks.prpt">
        <ExportManifestProperty>
            <EntityMetaData name="tracingRPOLinks.prpt" createdDate="2019-05-21T15:37:39.326+03:00" isFolder="false" path="reports/trace_v3/tracingRPOLinks.prpt" isHidden="false" isSchedulable="true" locale="en_US" title="Трассировка РПО 3.0: Связи"/>
        </ExportManifestProperty>
        <ExportManifestProperty>
            <EntityAcl>
                <entriesInheriting>true</entriesInheriting>
                <owner>admin</owner>
                <ownerType>USER</ownerType>
            </EntityAcl>
        </ExportManifestProperty>
    </ExportManifestEntity>
    <ExportManifestEntity path="reports/traffic">
        <ExportManifestProperty>
            <EntityMetaData name="traffic" createdDate="2019-05-21T15:37:39.447+03:00" isFolder="true" path="reports/traffic" isHidden="false" isSchedulable="false" locale="en_US" title="traffic"/>
        </ExportManifestProperty>
        <ExportManifestProperty>
            <EntityAcl>
                <entriesInheriting>true</entriesInheriting>
                <owner>admin</owner>
                <ownerType>USER</ownerType>
            </EntityAcl>
        </ExportManifestProperty>
    </ExportManifestEntity>
    <ExportManifestEntity path="reports/traffic/Отчет по трафику.cda">
        <ExportManifestProperty>
            <EntityMetaData name="Отчет по трафику.cda" createdDate="2019-05-21T15:37:39.457+03:00" isFolder="false" path="reports/traffic/Отчет по трафику.cda" isHidden="false" isSchedulable="true" locale="en_US" title="Отчет по трафику"/>
        </ExportManifestProperty>
        <ExportManifestProperty>
            <EntityAcl>
                <entriesInheriting>true</entriesInheriting>
                <owner>admin</owner>
                <ownerType>USER</ownerType>
            </EntityAcl>
        </ExportManifestProperty>
    </ExportManifestEntity>
    <ExportManifestEntity path="reports/traffic/Отчет по трафику.cdfde">
        <ExportManifestProperty>
            <EntityMetaData name="Отчет по трафику.cdfde" createdDate="2019-05-21T15:37:39.490+03:00" isFolder="false" path="reports/traffic/Отчет по трафику.cdfde" isHidden="false" isSchedulable="true" locale="en_US" title="Отчет по трафику.cdfde"/>
        </ExportManifestProperty>
        <ExportManifestProperty>
            <EntityAcl>
                <entriesInheriting>true</entriesInheriting>
                <owner>admin</owner>
                <ownerType>USER</ownerType>
            </EntityAcl>
        </ExportManifestProperty>
    </ExportManifestEntity>
    <ExportManifestEntity path="reports/traffic/Отчет по трафику.wcdf">
        <ExportManifestProperty>
            <EntityMetaData name="Отчет по трафику.wcdf" createdDate="2019-05-21T15:37:39.543+03:00" isFolder="false" path="reports/traffic/Отчет по трафику.wcdf" isHidden="false" isSchedulable="true" locale="en_US" title="Отчет по трафику.wcdf"/>
        </ExportManifestProperty>
        <ExportManifestProperty>
            <EntityAcl>
                <entriesInheriting>true</entriesInheriting>
                <owner>admin</owner>
                <ownerType>USER</ownerType>
            </EntityAcl>
        </ExportManifestProperty>
    </ExportManifestEntity>
</ns2:ExportManifest>
