<?xml version="1.0" encoding="UTF-8" standalone="yes"?>
<ns2:ExportManifest xmlns:ns2="http://www.pentaho.com/schema/">
    <ExportManifestInformation exportDate="20-02-2020 05:38:56 MSK" exportBy="admin" rootFolder="/home/reports/" manifestVersion="2"/>
    <ExportManifestEntity path="ld_edit">
        <ExportManifestProperty>
            <EntityMetaData name="ld_edit" createdDate="2020-02-10T12:45:53.603+03:00" isFolder="true" path="ld_edit" isHidden="false" isSchedulable="false" locale="en_US" title="ld_edit"/>
        </ExportManifestProperty>
        <ExportManifestProperty>
            <EntityAcl>
                <entriesInheriting>true</entriesInheriting>
                <owner>admin</owner>
                <ownerType>USER</ownerType>
            </EntityAcl>
        </ExportManifestProperty>
    </ExportManifestEntity>
    <ExportManifestEntity path="ld_edit/insert_test.ktr">
        <ExportManifestProperty>
            <EntityMetaData name="insert_test.ktr" createdDate="2020-02-20T17:30:37.236+03:00" isFolder="false" path="ld_edit/insert_test.ktr" isHidden="true" isSchedulable="true" locale="en_US" title="insert_test"/>
        </ExportManifestProperty>
        <ExportManifestProperty>
            <EntityAcl>
                <entriesInheriting>true</entriesInheriting>
                <owner>admin</owner>
                <ownerType>USER</ownerType>
            </EntityAcl>
        </ExportManifestProperty>
    </ExportManifestEntity>
    <ExportManifestEntity path="ld_edit/Укрупненная сделка.cda">
        <ExportManifestProperty>
            <EntityMetaData name="Укрупненная сделка.cda" createdDate="2020-02-10T12:46:55.764+03:00" isFolder="false" path="ld_edit/Укрупненная сделка.cda" isHidden="false" isSchedulable="true" locale="en_US" title="Укрупненная сделка"/>
        </ExportManifestProperty>
        <ExportManifestProperty>
            <EntityAcl>
                <entriesInheriting>true</entriesInheriting>
                <owner>admin</owner>
                <ownerType>USER</ownerType>
            </EntityAcl>
        </ExportManifestProperty>
    </ExportManifestEntity>
    <ExportManifestEntity path="ld_edit/Укрупненная сделка.cdfde">
        <ExportManifestProperty>
            <EntityMetaData name="Укрупненная сделка.cdfde" createdDate="2020-02-10T12:47:09.788+03:00" isFolder="false" path="ld_edit/Укрупненная сделка.cdfde" isHidden="false" isSchedulable="true" locale="en_US" title="Укрупненная сделка.cdfde"/>
        </ExportManifestProperty>
        <ExportManifestProperty>
            <EntityAcl>
                <entriesInheriting>true</entriesInheriting>
                <owner>admin</owner>
                <ownerType>USER</ownerType>
            </EntityAcl>
        </ExportManifestProperty>
    </ExportManifestEntity>
    <ExportManifestEntity path="ld_edit/Укрупненная сделка.wcdf">
        <ExportManifestProperty>
            <EntityMetaData name="Укрупненная сделка.wcdf" createdDate="2020-02-10T12:47:19.224+03:00" isFolder="false" path="ld_edit/Укрупненная сделка.wcdf" isHidden="false" isSchedulable="true" locale="en_US" title="Укрупненная сделка.wcdf"/>
        </ExportManifestProperty>
        <ExportManifestProperty>
            <EntityAcl>
                <entriesInheriting>true</entriesInheriting>
                <owner>admin</owner>
                <ownerType>USER</ownerType>
            </EntityAcl>
        </ExportManifestProperty>
    </ExportManifestEntity>
</ns2:ExportManifest>
