<?xml version="1.0" encoding="UTF-8" standalone="yes"?>
<ns2:ExportManifest xmlns:ns2="http://www.pentaho.com/schema/">
    <ExportManifestInformation exportDate="05-03-2020 05:03:45 MSK" exportBy="admin" rootFolder="/home/reports/" manifestVersion="2"/>
    <ExportManifestEntity path="Ext-A.Vorobyov">
        <ExportManifestProperty>
            <EntityMetaData name="Ext-A.Vorobyov" createdDate="2020-03-05T16:51:50.340+03:00" isFolder="true" path="Ext-A.Vorobyov" isHidden="false" isSchedulable="false" locale="en_US" title="Ext-A.Vorobyov"/>
        </ExportManifestProperty>
        <ExportManifestProperty>
            <EntityAcl>
                <entriesInheriting>true</entriesInheriting>
                <owner>admin</owner>
                <ownerType>USER</ownerType>
            </EntityAcl>
        </ExportManifestProperty>
    </ExportManifestEntity>
    <ExportManifestEntity path="Ext-A.Vorobyov/balance_cde">
        <ExportManifestProperty>
            <EntityMetaData name="balance_cde" createdDate="2020-03-05T16:51:50.358+03:00" isFolder="true" path="Ext-A.Vorobyov/balance_cde" isHidden="false" isSchedulable="false" locale="en_US" title="balance_cde"/>
        </ExportManifestProperty>
        <ExportManifestProperty>
            <EntityAcl>
                <entriesInheriting>true</entriesInheriting>
                <owner>admin</owner>
                <ownerType>USER</ownerType>
            </EntityAcl>
        </ExportManifestProperty>
    </ExportManifestEntity>
    <ExportManifestEntity path="Ext-A.Vorobyov/balance_cde/Отчет по остаткам.cda">
        <ExportManifestProperty>
            <EntityMetaData name="Отчет по остаткам.cda" createdDate="2020-03-05T16:51:50.375+03:00" isFolder="false" path="Ext-A.Vorobyov/balance_cde/Отчет по остаткам.cda" isHidden="false" isSchedulable="true" locale="en_US" title="Отчет по остаткам"/>
        </ExportManifestProperty>
        <ExportManifestProperty>
            <EntityAcl>
                <entriesInheriting>true</entriesInheriting>
                <owner>admin</owner>
                <ownerType>USER</ownerType>
            </EntityAcl>
        </ExportManifestProperty>
    </ExportManifestEntity>
    <ExportManifestEntity path="Ext-A.Vorobyov/balance_cde/Отчет по остаткам.cdfde">
        <ExportManifestProperty>
            <EntityMetaData name="Отчет по остаткам.cdfde" createdDate="2020-03-05T16:51:50.418+03:00" isFolder="false" path="Ext-A.Vorobyov/balance_cde/Отчет по остаткам.cdfde" isHidden="false" isSchedulable="true" locale="en_US" title="Отчет по остаткам.cdfde"/>
        </ExportManifestProperty>
        <ExportManifestProperty>
            <EntityAcl>
                <entriesInheriting>true</entriesInheriting>
                <owner>admin</owner>
                <ownerType>USER</ownerType>
            </EntityAcl>
        </ExportManifestProperty>
    </ExportManifestEntity>
    <ExportManifestEntity path="Ext-A.Vorobyov/balance_cde/Отчет по остаткам.wcdf">
        <ExportManifestProperty>
            <EntityMetaData name="Отчет по остаткам.wcdf" createdDate="2020-03-05T16:51:50.457+03:00" isFolder="false" path="Ext-A.Vorobyov/balance_cde/Отчет по остаткам.wcdf" isHidden="false" isSchedulable="true" locale="en_US" title="Отчет по остаткам.wcdf"/>
        </ExportManifestProperty>
        <ExportManifestProperty>
            <EntityAcl>
                <entriesInheriting>true</entriesInheriting>
                <owner>admin</owner>
                <ownerType>USER</ownerType>
            </EntityAcl>
        </ExportManifestProperty>
    </ExportManifestEntity>
    <ExportManifestEntity path="Ext-A.Vorobyov/dataStatisticsReport_v21.prpt">
        <ExportManifestProperty>
            <EntityMetaData name="dataStatisticsReport_v21.prpt" createdDate="2020-03-05T16:51:51.606+03:00" isFolder="false" path="Ext-A.Vorobyov/dataStatisticsReport_v21.prpt" isHidden="false" isSchedulable="true" locale="en_US" title="Статистика передачи данных 2.1"/>
        </ExportManifestProperty>
        <ExportManifestProperty>
            <EntityAcl>
                <entriesInheriting>true</entriesInheriting>
                <owner>admin</owner>
                <ownerType>USER</ownerType>
            </EntityAcl>
        </ExportManifestProperty>
    </ExportManifestEntity>
    <ExportManifestEntity path="Ext-A.Vorobyov/mmpo_kpi_delivery">
        <ExportManifestProperty>
            <EntityMetaData name="mmpo_kpi_delivery" createdDate="2020-03-05T16:51:50.640+03:00" isFolder="true" path="Ext-A.Vorobyov/mmpo_kpi_delivery" isHidden="false" isSchedulable="false" locale="en_US" title="mmpo_kpi_delivery"/>
        </ExportManifestProperty>
        <ExportManifestProperty>
            <EntityAcl>
                <entriesInheriting>true</entriesInheriting>
                <owner>admin</owner>
                <ownerType>USER</ownerType>
            </EntityAcl>
        </ExportManifestProperty>
    </ExportManifestEntity>
    <ExportManifestEntity path="Ext-A.Vorobyov/mmpo_kpi_delivery/KPI ММПО доставка.cda">
        <ExportManifestProperty>
            <EntityMetaData name="KPI ММПО доставка.cda" createdDate="2020-03-05T16:51:50.658+03:00" isFolder="false" path="Ext-A.Vorobyov/mmpo_kpi_delivery/KPI ММПО доставка.cda" isHidden="false" isSchedulable="true" locale="en_US" title="KPI ММПО доставка"/>
        </ExportManifestProperty>
        <ExportManifestProperty>
            <EntityAcl>
                <entriesInheriting>true</entriesInheriting>
                <owner>admin</owner>
                <ownerType>USER</ownerType>
            </EntityAcl>
        </ExportManifestProperty>
    </ExportManifestEntity>
    <ExportManifestEntity path="Ext-A.Vorobyov/mmpo_kpi_delivery/KPI ММПО доставка.cdfde">
        <ExportManifestProperty>
            <EntityMetaData name="KPI ММПО доставка.cdfde" createdDate="2020-03-05T16:51:50.714+03:00" isFolder="false" path="Ext-A.Vorobyov/mmpo_kpi_delivery/KPI ММПО доставка.cdfde" isHidden="false" isSchedulable="true" locale="en_US" title="KPI ММПО доставка.cdfde"/>
        </ExportManifestProperty>
        <ExportManifestProperty>
            <EntityAcl>
                <entriesInheriting>true</entriesInheriting>
                <owner>admin</owner>
                <ownerType>USER</ownerType>
            </EntityAcl>
        </ExportManifestProperty>
    </ExportManifestEntity>
    <ExportManifestEntity path="Ext-A.Vorobyov/mmpo_kpi_delivery/KPI ММПО доставка.wcdf">
        <ExportManifestProperty>
            <EntityMetaData name="KPI ММПО доставка.wcdf" createdDate="2020-03-05T16:51:50.778+03:00" isFolder="false" path="Ext-A.Vorobyov/mmpo_kpi_delivery/KPI ММПО доставка.wcdf" isHidden="false" isSchedulable="true" locale="en_US" title="KPI ММПО доставка.wcdf"/>
        </ExportManifestProperty>
        <ExportManifestProperty>
            <EntityAcl>
                <entriesInheriting>true</entriesInheriting>
                <owner>admin</owner>
                <ownerType>USER</ownerType>
            </EntityAcl>
        </ExportManifestProperty>
    </ExportManifestEntity>
    <ExportManifestEntity path="Ext-A.Vorobyov/mmpo_kpi_processing">
        <ExportManifestProperty>
            <EntityMetaData name="mmpo_kpi_processing" createdDate="2020-03-05T16:51:50.831+03:00" isFolder="true" path="Ext-A.Vorobyov/mmpo_kpi_processing" isHidden="false" isSchedulable="false" locale="en_US" title="mmpo_kpi_processing"/>
        </ExportManifestProperty>
        <ExportManifestProperty>
            <EntityAcl>
                <entriesInheriting>true</entriesInheriting>
                <owner>admin</owner>
                <ownerType>USER</ownerType>
            </EntityAcl>
        </ExportManifestProperty>
    </ExportManifestEntity>
    <ExportManifestEntity path="Ext-A.Vorobyov/mmpo_kpi_processing/KPI ММПО обработка.cda">
        <ExportManifestProperty>
            <EntityMetaData name="KPI ММПО обработка.cda" createdDate="2020-03-05T16:51:50.852+03:00" isFolder="false" path="Ext-A.Vorobyov/mmpo_kpi_processing/KPI ММПО обработка.cda" isHidden="false" isSchedulable="true" locale="en_US" title="KPI ММПО обработка"/>
        </ExportManifestProperty>
        <ExportManifestProperty>
            <EntityAcl>
                <entriesInheriting>true</entriesInheriting>
                <owner>admin</owner>
                <ownerType>USER</ownerType>
            </EntityAcl>
        </ExportManifestProperty>
    </ExportManifestEntity>
    <ExportManifestEntity path="Ext-A.Vorobyov/mmpo_kpi_processing/KPI ММПО обработка.cdfde">
        <ExportManifestProperty>
            <EntityMetaData name="KPI ММПО обработка.cdfde" createdDate="2020-03-05T16:51:50.906+03:00" isFolder="false" path="Ext-A.Vorobyov/mmpo_kpi_processing/KPI ММПО обработка.cdfde" isHidden="false" isSchedulable="true" locale="en_US" title="KPI ММПО обработка.cdfde"/>
        </ExportManifestProperty>
        <ExportManifestProperty>
            <EntityAcl>
                <entriesInheriting>true</entriesInheriting>
                <owner>admin</owner>
                <ownerType>USER</ownerType>
            </EntityAcl>
        </ExportManifestProperty>
    </ExportManifestEntity>
    <ExportManifestEntity path="Ext-A.Vorobyov/mmpo_kpi_processing/KPI ММПО обработка.wcdf">
        <ExportManifestProperty>
            <EntityMetaData name="KPI ММПО обработка.wcdf" createdDate="2020-03-05T16:51:50.953+03:00" isFolder="false" path="Ext-A.Vorobyov/mmpo_kpi_processing/KPI ММПО обработка.wcdf" isHidden="false" isSchedulable="true" locale="en_US" title="KPI ММПО обработка.wcdf"/>
        </ExportManifestProperty>
        <ExportManifestProperty>
            <EntityAcl>
                <entriesInheriting>true</entriesInheriting>
                <owner>admin</owner>
                <ownerType>USER</ownerType>
            </EntityAcl>
        </ExportManifestProperty>
    </ExportManifestEntity>
</ns2:ExportManifest>
