"лЮЙПНПЕЦХНМ";"стоя";"ноя";"хМДЕЙЯ";"оПХГМЮЙ жбоо/ноя";йНКХВЕЯРБН НРОПЮБКЕМХИ, ОПХМЪРШУ ГЮ ОЕПХНД;бПСВЕМН ЮДПЕЯЮРС;нФХДЮЕР БПСВЕМХЪ;бНГБПЮР ПЮМЭЬЕ ЯПНЙЮ;бНГБПЮР ОНГФЕ ЯПНЙЮ;бНГБПЮР БНБПЕЛЪ;нРЯСРЯРБСЕР НТНПЛКЕМХЕ БНГБПЮРЮ ОН ХЯРЕВЕМХЧ ЯПНЙЮ УПЮМЕМХЪ;бНГБПЮР ОН ОПХВХМЕ НРЙЮГЮ;хМШЕ БНГБПЮРШ;оН РПЕАНБЮМХЧ НРОПЮБХРЕКЪ;оПНВХЕ БНГБПЮРШ;нРЯСРЯРБХЕ ЯРЮРСЯНБ ОН НРОПЮБКЕМХЧ;мЕР ХМТНПЛЮЖХХ Н БШАШРХХ БНГБПЮРЮ;бНГБПЮР АЕГ НТНПЛКЕМХЪ ЯРЮРСЯНБ;% БНГБПЮРНБ (ТЮЙРХВЕЯЙХ);% БНГБПЮЫЕМШ ПЮМЕЕ НЙНМВЮМХЪ ЯПНЙЮ УПЮМЕМХЪ;% БНГБПЮЫЕМШ ОНЯКЕ НЙНМВЮМХЪ ЯПНЙЮ УПЮМЕМХЪ;% БНГБПЮЫЕМШ БНБПЕЛЪ;% БНГБПЮЫЕМШ Б ЯКЕДЯРБХХ НРЙЮГЮ ЮДПЕЯЮРЮ;% ХМШЕ БНГБПЮРШ;% ОН РПЕАНБЮМХЧ НРОПЮБХРЕКЪ;% ОПНВХЕ БНГБПЮРШ;% БНГБПЮЫЕМШ АЕГ НТНПЛКЕМХЪ ЯРЮРСЯНБ;% МЕР ХМТНПЛЮЖХХ ОН ЯРЮРСЯЮЛ;% БНГБПЮРШ ХРНЦН
"яхахпэ";"630700 стоя мнбняхахпяйни накюярх";"#";"#";"жбоо";1034741;779934;30405;12972;43243;28917;35794;593;50126;109;2852;45880;1352;2564;8.605825032544375800;1.253647047908607100;4.179113420653091000;2.794612371598303300;0.057309027089870800;4.844304033569753200;0.010534037019891900;0.275624528263594500;0.247791476321127700;8.023843647830713200;21.686779590254952700
"югхъ";"131000 лняйбю тцсо ""онврю пняяхх""";"#";"#";"оПНВЕЕ";18;0;0;0;0;0;0;0;0;0;0;18;0;0;0E-18;0E-18;0E-18;0E-18;0E-18;0E-18;0E-18;0E-18;0E-18;100.000000000000000000;100.000000000000000000
"спюк";"454700 стоя векъахмяйни накюярх";"#";"#";"ноя+";1603858;1113822;59225;18542;51039;56500;51329;788;135837;678;20378;90432;1476;3812;8.190812403591839200;1.156087384294619600;3.182264265290318700;3.522755755185309400;0.049131531594442900;8.469390681718705800;0.042273069062223700;1.270561358923296200;0.237676901571086700;8.930778161158905600;26.860919108798908600
"чфмши";"400700 стоя бнкцнцпюдяйни накюярх";"#";"#";"оПНВЕЕ";4294802;2972733;177172;20006;107096;335175;113243;11647;269885;1473;42422;224565;10387;8998;11.214998968520551100;0.465818913188547500;2.493619030632844100;7.804201450963280700;0.271188287609067900;6.283991671793018600;0.034297273774204300;0.987752171112894100;0.209509076320631300;8.107358616299424300;26.657736491693912800
"жемрп";"150700 стоя ъпнякюбяйни накюярх";"#";"#";"жбоо";177607;123623;5972;117;1458;5727;6626;13;23650;22;70;9906;94;329;4.349490729532056700;0.065875781923009800;0.820913590117506600;3.224535069000658800;0.007319531324778900;13.315916602386167200;0.012386899165010400;0.039412860979578500;0.185240446604019000;9.361117523521032400;27.032718305021761500
"яебепмши йюбйюг";"367700 стоя пеяосакхйх дюцеярюм";"#";"#";"ноя+";179298;126354;4878;386;3440;1390;8361;1059;12969;30;10122;9421;162;726;3.404388225189349600;0.215284052248212500;1.918593626253499800;0.775245680375687400;0.590636816919318700;7.233209517116755300;0.016731921159187500;5.645350199109861800;0.404912492052337400;10.007919776015348700;26.807884081250209100
"яебепмши йюбйюг";"362700 стоя пеяосакхйх яебепмюъ няерхъ-юкюмхъ";"#";"#";"оПНВЕЕ";921531;626060;27324;1348;11980;24149;29257;4029;128803;229;20342;42840;906;4264;4.627842145299507000;0.146278312937926100;1.300010525961687700;2.620530399953989600;0.437207212779602600;13.977066425329153300;0.024849950788416200;2.207413532480187900;0.462708253981689200;7.921925578195416100;29.097990192408068700
"N/A";" ";"#";"#";"оПНВЕЕ";599;4;0;0;0;0;0;0;0;0;0;594;0;1;0.166944908180300500;0E-18;0E-18;0E-18;0E-18;0E-18;0E-18;0E-18;0.166944908180300500;99.165275459098497500;99.332220367278798000
"дюкэмхи бнярнй";"680700 стоя уюаюпнбяйнцн йпюъ";"#";"#";"оПНВЕЕ";1646265;1159889;48013;8787;38150;46498;52750;5122;145379;797;23203;111929;2250;3498;6.024728704066477800;0.533753678781970100;2.317366888076949900;2.824454143166501100;0.311128524265534400;8.830838291526576800;0.048412618867557800;1.409432867733931000;0.212480979672167000;10.139862051370830300;26.627730043462018600
"яебепмши йюбйюг";"364700 стоя вевемяйни пеяосакхйх";"#";"#";"жбоо";13131;10308;295;167;168;75;157;2;13;1;1173;674;0;98;3.868707638412916000;1.271799558297159400;1.279415124514507700;0.571167466301119500;0.015231132434696500;0.099002360825527400;0.007615566217348300;8.933059172949508800;0.746325489300129500;6.328535526616403900;19.252151397456400900
"чфмши";"305700 стоя йспяйни накюярх";"#";"#";"ноя+";791441;558638;32967;347;10293;32124;17995;1551;99137;94;671;31348;1832;4444;6.196292585296945700;0.043844076816844200;1.300539143157860200;4.058925428427387500;0.195971651708718700;12.526139029946641600;0.011877069800528400;0.084782062086750600;0.561507427590938600;6.466053691936606800;25.249639581472276500
"чфмши";"398700 стоя кхоежйни накюярх";"#";"#";"жбоо";122654;88103;4045;139;1985;5227;2618;113;9431;253;152;9935;388;265;6.525673846755915000;0.113326919627570200;1.618373636408107400;4.261581358944673600;0.092129078546154200;7.689109201493632500;0.206271299753778900;0.123925840168278200;0.216054918714432500;10.550817747484794600;24.871590001141422200
"яхахпэ";"660700 стоя йпюямнъпяйнцн йпюъ";"#";"#";"оПНВЕЕ";2955741;2057555;97719;18602;62964;156247;87734;5390;264846;1314;23966;168401;4592;6411;8.418058280478567000;0.629351489186637100;2.130227242508731300;5.286220951023787300;0.182356979180516800;8.960392673106337800;0.044455857262189100;0.810828824311737700;0.216899924587438500;8.821036755250206300;27.081770696417581900
"яебепн-гюоюд";"190700 стоя ц. яюмйр-оерепаспцю х кемхмцпюдяйни накюярх";"#";"#";"жбоо";3952330;2745852;165770;27343;120408;263362;127092;1773;216473;2821;25246;235800;10581;9809;10.917686529211882600;0.691819762013799500;3.046506744123086900;6.663461806073885500;0.044859614455270700;5.477098319219296000;0.071375618938702000;0.638762451515941200;0.248182717536238100;9.449438685534861700;26.331505719411081600
"яхахпэ";"634700 стоя рнляйни накюярх";"#";"#";"ноя+";799620;512699;29940;3908;13745;32050;17252;463;133299;60;5091;44983;301;5829;6.982441659788399500;0.488732147770190800;1.718941497211175300;4.008153873089717600;0.057902503689252400;16.670293389359946000;0.007503564192991700;0.636677421775343300;0.728971261349140800;7.820714839548785700;32.137890497986543600
"бнкцю 1";"430700 стоя пеяосакхйх лнпднбхъ";"#";"#";"ноя+";124751;100778;3166;122;1264;4300;1536;25;9152;13;75;4112;71;137;4.724611425960513300;0.097794807256054100;1.013218330915183000;3.446866157385511900;0.020039919519683200;7.336213737765629100;0.010420758150235300;0.060119758559049600;0.109818758967864000;4.584331989322730900;16.678824217841941100
"жемрп";"302700 стоя нпкнбяйни накюярх";"#";"#";"ноя+";454507;336059;15879;643;12307;26644;7344;233;29863;58;679;21205;890;2703;9.501943864450932500;0.141471968528537500;2.707769077263936500;5.862175940084531200;0.051264336962907100;6.570415857181517600;0.012761079587333100;0.149392638617227000;0.594710312492436900;6.477127965025841200;22.567089175744268000
"жемрп";"156700 стоя йнярпнляйни накюярх";"#";"#";"ноя+";218255;148533;8722;65;498;1062;8927;42;32629;10;663;15945;33;1126;1.275572151840736800;0.029781677395706900;0.228173466816338700;0.486586790680625900;0.019243545394149000;14.949943872992600400;0.004581796522416400;0.303773109436209900;0.515910288424091100;11.410964239078142500;27.948958786740280900
"спюк";"454700 стоя векъахмяйни накюярх";"#";"#";"оПНВЕЕ";4577101;3244907;158897;29011;82902;133293;164228;15481;446538;856;76889;207727;4363;12009;5.714927418031631800;0.633829142070494000;1.811233791869569800;2.912170826031586400;0.338227187907804500;9.755913186097488300;0.018701793995806500;1.679862428205101900;0.262371313195841600;8.221754337516257600;25.634064006889950600
"бнкцю 2";"440700 стоя оемгемяйни накюярх";"#";"#";"оПНВЕЕ";2199640;1704143;75056;6867;48305;65569;65495;2959;120600;451;31939;74363;1676;2217;5.666108999654488900;0.312187448855267200;2.196041170373333800;2.980896874033932800;0.134522012692986100;5.482715353421469000;0.020503355094470000;1.452010328962921200;0.100789220054190700;6.434416540888509000;19.114082304377079900
"яебепмши йюбйюг";"364700 стоя вевемяйни пеяосакхйх";"#";"#";"ноя+";59429;36608;3152;2125;2503;1920;4276;49;586;4;3758;2741;210;1497;13.890524827945952300;3.575695367581483800;4.211748472967743000;3.230745932120681800;0.082451328475996600;0.986050581365999800;0.006730720691918100;6.323512090057042900;2.518972218950344100;12.160729610123003900;33.096636322334213900
"бнкцю 2";"410700 стоя яюпюрнбяйни накюярх";"#";"#";"жбоо";344307;253660;14513;1513;14280;12027;14141;204;15720;44;2327;15200;339;339;8.276915659571254700;0.439433412623037000;4.147461422509562700;3.493103538411940500;0.059249448892993800;4.565692826460106800;0.012779292898488800;0.675850331245080700;0.098458643013357300;8.620213936980659700;22.112242853035227300
"яхахпэ";"634700 стоя рнляйни накюярх";"#";"#";"жбоо";220661;144897;8065;3076;2696;18340;3072;68;20491;4;2959;15125;242;1626;11.773716243468487900;1.393993501343690100;1.221783640969632200;8.311391682263743900;0.030816501330094600;9.286190128749529800;0.001812735372358500;1.340970991702203800;0.736876928863732200;8.356256882729616900;30.680092993324602000
"яхахпэ";"672700 стоя гюаюийюкэяйнцн йпюъ";"#";"#";"ноя+";385848;206557;15009;954;9291;2255;27912;466;90127;208;3537;28408;526;598;3.530924094462068000;0.247247620824780700;2.407943024196056500;0.584427028259832900;0.120772946859903400;23.358161763181356400;0.053907238083390400;0.916682216831498400;0.154983309489747300;14.732744500425037800;42.576869648151603700
"бнкцю 2";"460700 стоя нпемаспцяйни накюярх";"#";"#";"ноя+";737975;548062;23327;1931;14101;25609;18103;723;58179;242;5996;37911;727;3064;6.156306107930485500;0.261661980419390900;1.910769335004573300;3.470171753785697300;0.097970798468782800;7.883600392967241400;0.032792438768251000;0.812493648158813000;0.415190216470747700;7.688742843592262600;22.573393407635760000
"яхахпэ";"660700 стоя йпюямнъпяйнцн йпюъ";"#";"#";"ноя+";3484410;2407753;141623;23840;70187;150574;144565;1674;376429;615;2722;153612;3187;7629;7.330279731719286800;0.684190436831486500;2.014315192529007800;4.321362870615111300;0.048042566747311600;10.803234980958038800;0.017650046923295500;0.078119394675138700;0.218946679638733700;8.648924782100843500;26.834786951018967300
"бнкцю 1";"610700 стоя йхпнбяйни накюярх";"#";"#";"оПНВЕЕ";1337389;1032207;44278;5363;28754;62647;24551;2958;55268;825;10870;63696;3119;2853;7.681833782093317700;0.401005242304221100;2.150010206454517000;4.684276601646940400;0.221177234148030200;4.132529877245887300;0.061687362465221400;0.812777733329644600;0.213326115288820200;6.831669768481720700;19.508460141365003000
"жемрп";"170700 стоя рбепяйни накюярх";"#";"#";"жбоо";964708;779270;20926;21713;6593;16299;10578;28;63483;18;848;41986;530;2436;4.931129419472006000;2.250732864244932100;0.683419231518760100;1.689526779087558100;0.002902432653196600;6.580540432960025200;0.001865849562769300;0.087902246068240300;0.252511640828105500;5.503634260315038300;17.053035737238625600
"яхахпэ";"650700 стоя йелепнбяйни накюярх";"#";"#";"оПНВЕЕ";3350056;2397001;99891;17453;89106;216231;67264;12905;258395;871;35494;135315;5414;14716;10.236246797068466900;0.520976365768214000;2.659836134082534700;6.454548819482420600;0.385217441141282400;7.713154645773085600;0.025999565380399600;1.059504676936743700;0.439276238964363600;6.208642482394324200;25.467156369923368400
"чфмши";"392700 стоя рюланбяйни накюярх";"#";"#";"оПНВЕЕ";1244441;893016;43391;3509;14380;20551;69998;3126;86366;254;31642;74959;1416;1833;3.350018200943234800;0.281973994749449800;1.155538912652347500;1.651424213763448800;0.251197123849182100;6.940144209327722200;0.020410770779812000;2.542667752026813600;0.147295050548800600;11.762148627375665100;24.752800655073241700
"яхахпэ";"670700 стоя пеяосакхйх аспърхъ";"#";"#";"ноя+";349125;224516;13633;7465;14234;17640;9632;127;32049;4;2922;26167;360;376;11.478696741854636600;2.138202649480845000;4.077049767275331200;5.052631578947368400;0.036376655925528100;9.179806659505907600;0.001145721446473300;0.836949516648764800;0.107697815968492700;10.357035445757250300;31.786895810955961300
"жемрп";"300700 стоя рскэяйни накюярх";"#";"#";"жбоо";235659;155068;11328;1094;11801;17302;7323;329;11281;52;3327;12282;268;4204;14.711511124124264300;0.464230095179899800;5.007659372228516600;7.341964448631285000;0.139608502115344600;4.787001557334962800;0.022065781489355400;1.411785673367026100;1.783933565024039000;8.432947606499221300;29.391196601869650600
"щйяонпр";"104700 тйтк щйонпр ";"#";"#";"оПНВЕЕ";566581;0;0;0;0;0;0;0;0;0;0;565974;0;607;0.107133843175115300;0E-18;0E-18;0E-18;0E-18;0E-18;0E-18;0E-18;0.107133843175115300;99.892866156824884700;100.000000000000000000
"бнкцю 1";"424700 стоя пеяосакхйх люпхи щк";"#";"#";"ноя+";353430;254023;16651;1443;3954;11716;12693;179;33717;98;309;17635;327;685;5.128313951843363600;0.408284525931584800;1.118750530515236400;3.314942138471550200;0.050646521234756500;9.539937186996010500;0.027728263022380700;0.087428910958322700;0.193814899697252600;8.673570438276320600;23.415103415103415100
"яхахпэ";"656700 стоя юкрюияйнцн йпюъ";"#";"#";"ноя+";1342736;963275;49243;5089;24062;28372;35948;486;179281;149;2545;50786;495;3005;4.544675945234208400;0.379002275950000600;1.792012726254453600;2.112999130134293000;0.036194754590626900;13.351917279346051600;0.011096745748978200;0.189538375376842500;0.223796785071674600;6.496362650588053000;24.592920723060974000
"бнкцю 2";"421700 стоя ""рюрюпярюм онврюяш""";"#";"#";"ноя+";2545954;1701693;93008;5618;58730;62560;83360;403;347606;155;2349;177524;9545;3403;5.493265000074628200;0.220663845458323300;2.306797373401090500;2.457232141664774800;0.015829036973959500;13.653271033176561700;0.006088091143830600;0.092264039334567700;0.133663059112615500;10.621912257644875000;29.507720877910598500
"яебепн-гюоюд";"166100 стоя мемежйнцн юбрнмнлмнцн нйпсцю";"#";"#";"ноя+";69157;52611;1788;497;3589;1321;1293;43;3140;1;9;4446;49;370;8.424309903552785700;0.718654655349422300;5.189640961869369700;1.910146478302991700;0.062177364547334300;4.540393597177436800;0.001445985222031000;0.013013866998279300;0.535014532151481400;8.369362465115606500;21.339849906733953200
"йпшл";"295700 тцсо ""онврю йпшлю""";"#";"#";"оПНВЕЕ";4298220;3301028;129704;251801;61625;216668;48344;7797;3657;2119;30774;223243;7340;14120;12.832149122194769000;5.858262257399574700;1.433733033674404800;5.040877386452996800;0.181400672836662600;0.085081731507461200;0.049299477458110600;0.715970797213730300;0.328508080088967100;6.489360712108733400;20.182494148740641500
"жемрп";"241700 стоя апъмяйни накюярх";"#";"#";"ноя+";1306227;1004565;46612;13388;31932;35231;20427;764;88212;179;7016;53053;1169;3679;6.537837604030539900;1.024936707019530300;2.444598067564060500;2.697157538467663000;0.058489068132874300;6.753190678189931800;0.013703590570398600;0.537119505262102200;0.281650892226236300;5.714856606087609600;19.525702653520406500
"жемрп";"214700 стоя ялнкемяйни накюярх";"#";"#";"оПНВЕЕ";1574939;1145779;53635;2502;3185;5338;29990;2571;224563;400;29070;74234;1312;2360;0.933178999313624200;0.158863295657800100;0.202230054624337800;0.338933761879031500;0.163244417720305400;14.258520488730039700;0.025397809058001600;1.845785773290267100;0.149847073442209500;6.700957941863145200;23.843780616265137900
" ";" ";"#";"#";"оПНВЕЕ";795652;177726;3933;4400;5655;11828;3325;26;168;4;279;586879;819;610;2.929924137688336100;0.553005585356412100;0.710737860270570600;1.486579559908100500;0.003267760277106100;0.021114758713608500;0.000502732350324000;0.035065581435099800;0.076666683424411700;74.281595471386988300;77.168535993122621400
"яебепмши йюбйюг";"360700 стоя йюаюпдхмн-аюкйюпяйни пеяосакхйх";"#";"#";"ноя+";104106;76637;3296;297;891;2522;2291;0;14252;3;278;3439;35;165;3.755787370564616800;0.285286150654141000;0.855858451962422900;2.422530881985668500;0E-18;13.689892993679519000;0.002881678289435800;0.267035521487714400;0.158492305918967200;5.537625112865733000;23.219603096843601700
"бнкцю 1";"614700 стоя оепляйнцн йпюъ";"#";"#";"оПНВЕЕ";5049354;3410566;197663;41183;120643;311636;102825;7501;519590;1314;49432;244108;15718;27175;10.226159623587492600;0.815609283880670700;2.389275935099816700;6.171799402458215400;0.148553656566760800;10.290227225106419600;0.026023130879712500;0.978976716625532700;0.538187657272593700;7.182126664123767100;28.540779672013489300
"бнкцю 1";"428700 стоя всбюьяйни пеяосакхйх";"#";"#";"оПНВЕЕ";1645083;1213033;56640;25319;24433;95495;27255;2890;104563;359;13524;75712;2091;3769;9.185372409781147800;1.539071280901936300;1.485213815959437900;5.804874282938915500;0.175675026731174100;6.356092671312025000;0.021822607126813700;0.822086180454116900;0.229106981228302800;6.386182338520305700;22.820125185173027700
"яхахпэ";"655400 стоя пеяосакхйх уюйюяхъ";"#";"#";"жбоо";215293;164222;8061;4320;9633;14819;2735;61;57;9;6;9869;293;1208;14.061302504029392500;2.006567793657945200;4.474367489885876500;6.883177808846548700;0.028333480419707100;0.026475547277431200;0.004180349570120700;0.002786899713413800;0.561095808967314300;5.990440933982990600;19.977426112321348100
"яхахпэ";"667700 стоя пеяосакхйх ршбю";"#";"#";"жбоо";124733;93597;3052;29;134;569;1856;1572;11680;185;142;11525;17;375;0.901124802578307300;0.023249661276486600;0.107429469346524200;0.456174388493822800;1.260291983677134400;9.364001507219420700;0.148316804694828200;0.113843169009003200;0.300642171678705700;10.741343509736797800;22.515292665132723500
"чфмши";"392700 стоя рюланбяйни накюярх";"#";"#";"жбоо";300259;217261;10228;2012;5037;3407;29333;102;7840;54;5367;19106;288;224;3.652846375962086100;0.670088157224263100;1.677551713687183400;1.134687053510469300;0.033970671986518300;2.611079101708858000;0.017984473404627300;1.787456828937683800;0.074602260048824500;16.228322881245857700;24.235743141754285500
"яебепмши йюбйюг";"386700 стоя пеяосакхйх хмцсьерхъ";"#";"#";"жбоо";35968;30914;774;70;73;490;648;6;2;6;1961;870;15;139;2.188056049822064100;0.194617437722419900;0.202958185053380800;1.362322064056939500;0.016681494661921700;0.005560498220640600;0.016681494661921700;5.452068505338078300;0.386454626334519600;4.262121886120996400;11.899466192170818500
"спюк";"629100 стоя ълюкн-мемежйнцн юбрнмнлмнцн нйпсцю";"#";"#";"жбоо";110165;72837;3750;1151;6818;6452;1445;53;436;145;5880;10758;230;210;13.489765351972041900;1.044796441701084700;6.188898470476104000;5.856669541142831200;0.048109653701266300;0.395769981391549000;0.131620750692143600;5.337448372895202700;0.190623156174828700;11.285798574864975300;30.479734943039985500
"яебепн-гюоюд";"190700 стоя ц. яюмйр-оерепаспцю х кемхмцпюдяйни накюярх";"#";"#";"ноя+";7110276;4649391;326028;24084;331864;579200;244524;3365;468891;3129;31262;409356;19407;19775;13.703124885728767800;0.338721028550790400;4.667385626099465100;8.145956640783002000;0.047325870331897100;6.594554135451282100;0.044006730540417800;0.439673509157731700;0.278118599052976300;9.469210477905499000;30.024952617873061500
"чфмши";"398700 стоя кхоежйни накюярх";"#";"#";"ноя+";484655;350971;16633;513;8277;10547;15229;265;48618;34;735;31316;702;815;4.302854607916971900;0.105848490163105700;1.707812774035138400;2.176187184698393700;0.054678069967296300;10.031465681773632800;0.007015299542973900;0.151654269531935100;0.168160856691873600;9.748584044320186500;24.151406670724536000
"яебепн-гюоюд";"236700 стоя йюкхмхмцпюдяйни накюярх";"#";"#";"оПНВЕЕ";1241894;827695;47881;1914;46768;112194;35875;2163;79860;794;16514;63859;2095;4282;13.467574527294600000;0.154119433703681600;3.765860854469061000;9.034104359953426000;0.174169454075790700;6.430500509705337200;0.063934603114275500;1.329743118172726500;0.344795932664140400;8.199492066150573200;29.496720332009012000
"чфмши";"400700 стоя бнкцнцпюдяйни накюярх";"#";"#";"жбоо";606104;439903;23879;2631;13487;59109;12364;6337;5926;38;12260;22965;1306;5899;13.600306218074785800;0.434083919591357300;2.225195675989599100;9.752286736269683100;1.045530140041973000;0.977719995248340200;0.006269551100141200;2.022755170729775700;0.973265314203503000;6.044342225096683100;23.481448728271055800
"яхахпэ";"664700 стоя хпйсряйни накюярх";"#";"#";"ноя+";685727;442943;28563;879;8828;26505;24552;214;95571;42;5308;49267;1067;1988;5.726331324273362400;0.128185123234173400;1.287392796258569400;3.865240831992906800;0.031207754689548500;13.937179081471197700;0.006124886434397400;0.774068980804314300;0.289911291228141800;10.920672512530496800;31.239983258643746000
"жемрп";"248700 стоя йюксфяйни накюярх";"#";"#";"ноя+";938216;721874;30084;6263;26565;34035;14629;587;51241;250;2569;46804;1106;2209;7.479940653325033900;0.667543508104743500;2.831437536771916100;3.627629458461590900;0.062565549937327900;5.461535509946536800;0.026646315986936900;0.273817543081763700;0.235446848060574500;6.665735822028189700;19.852358092379580000
"чфмши";"350700 стоя йпюямндюпяйнцн йпюъ";"#";"#";"оПНВЕЕ";6821339;4902297;212447;9285;144039;152011;184039;18195;697651;5172;85753;386409;7676;16365;4.828612095074002300;0.136116970583048300;2.111594219258125100;2.228462769553015900;0.266736486780674600;10.227478798517417200;0.075820890883740000;1.257128549101576700;0.239908909379815300;8.475227517647195100;25.018475111704608100
"яебепмши йюбйюг";"355700 стоя ярюбпнонкэяйнцн йпюъ";"#";"#";"жбоо";167017;115711;5747;1685;4036;7524;3198;298;19369;40;2280;6097;569;463;8.548231617140770100;1.008879335636492100;2.416520473963728200;4.504930635803541000;0.178424950753516100;11.597023057533065500;0.023949657819263900;1.365130495698042700;0.277217289257979700;5.905985618230479500;27.278061514696108800
"яхахпэ";"667700 стоя пеяосакхйх ршбю";"#";"#";"оПНВЕЕ";431823;303705;13182;567;900;860;15544;3739;60068;454;5465;25734;136;1469;0.910558261139402000;0.131303798083937200;0.208418727117360600;0.199155672578811200;0.865864022990901400;13.910329000539572900;0.105135669012535200;1.265564826329306200;0.340185677928225200;9.590503516487079200;26.616460911067729100
"яебепмши йюбйюг";"386700 стоя пеяосакхйх хмцсьерхъ";"#";"#";"оПНВЕЕ";344520;259309;7093;157;5657;3780;8740;2010;9694;137;33913;12360;263;1407;3.269476372924648800;0.045570649018924900;1.641994659236038500;1.097178683385579900;0.583420411006617900;2.813769882735400000;0.039765470799953600;9.843550446998722900;0.408394287704632500;6.200801114594218000;22.674445605480088200
"бнкцю 1";"424700 стоя пеяосакхйх люпхи щк";"#";"#";"жбоо";76704;59844;2350;24;119;779;951;34;2444;27;69;9797;140;126;1.548811013767209000;0.031289111389236500;0.155141843971631200;1.015592407175636200;0.044326241134751800;3.186274509803921600;0.035200250312891100;0.089956195244055100;0.164267834793491900;14.194826866916979600;18.916875260742594900
"жемрп";"153700 стоя хбюмнбяйни накюярх";"#";"#";"жбоо";116136;86758;4192;92;2304;11390;1898;19;3276;7;451;5199;200;350;12.344148239994489200;0.079217469174071800;1.983880967141971500;9.807467107529103800;0.016360129503340900;2.820830750154990700;0.006027416132809800;0.388337810842460600;0.301370806640490500;6.283150788730454000;21.686643245849693500
"яебепмши йюбйюг";"364700 стоя вевемяйни пеяосакхйх";"#";"#";"оПНВЕЕ";654750;483595;19021;2712;3652;1578;44620;11338;10810;116;24581;44548;242;7937;2.462161130202367300;0.414203894616265800;0.557770141275295900;0.241008018327606000;1.731653302787323400;1.651011836578846900;0.017716685757922900;3.754257350133638800;1.212218403970981300;13.655593738067964900;23.235433371515845700
"спюк";"640700 стоя йспцюмяйни накюярх";"#";"#";"жбоо";183511;116578;6937;468;1166;19934;4635;150;21568;51;102;10843;78;1001;12.340949588852984300;0.255025584297399100;0.635384254894801900;10.862564096975113200;0.081738969326089400;11.752973936167314200;0.027791249570870400;0.055582499141740800;0.545471388636103600;8.476876045577649300;32.693408024587082000
"спюк";"454700 стоя векъахмяйни накюярх";"#";"#";"жбоо";845146;589128;31108;9425;13933;18879;24624;191;105487;64;2618;47411;460;1818;5.267137275689644200;1.115191931334940900;1.648590894354348200;2.233815222458604800;0.022599645505037000;12.481512070103863700;0.007572656085457400;0.309768962995742700;0.215110761927524900;8.577807858050561700;26.611970002816081500
"лняйбю";"101700 стоя ц. лняйбш";"#";"#";"оПНВЕЕ";10675262;6943060;232242;50043;280827;419677;272155;4962;393585;5989;71331;1847740;118120;35531;8.470030993150332000;0.468775379939152800;2.630633327781557000;3.931303981110721200;0.046481294791640700;3.686888434213605200;0.056101667574997200;0.668189689395913700;0.332834922459046000;20.964497171123294200;32.785705868389928000
"спюк";"625700 стоя рчлемяйни накюярх";"#";"#";"жбоо";564829;368368;27946;40342;6189;18285;11607;186;52656;136;1323;34282;947;2562;12.096581443233261700;7.142338654707885000;1.095729858063236800;3.237262959231909100;0.032930320504081800;9.322467507865212300;0.024078083809436100;0.234230182940323500;0.453588608233642400;8.292067156608460300;29.834693331964187400
"яебепн-гюоюд";"185700 стоя пеяосакхйх йюпекхъ";"#";"#";"оПНВЕЕ";1007245;759223;31910;7703;25176;35714;13524;1905;73018;487;12536;42025;919;3105;7.209467408624515400;0.764759318735759400;2.499491186354859000;3.545711321475907100;0.189129754925564300;7.249278973834568600;0.048349706377296500;1.244582996192584700;0.308266608421982700;5.606183202696464100;21.455753069014986400
"дюкэмхи бнярнй";"689700 стоя всйнряйнцн юбрнмнлмнцн нйпсцю";"#";"#";"оПНВЕЕ";204581;158342;6171;2176;5663;2747;5904;327;1387;188;1653;19483;314;226;5.438432699028746600;1.063637385680977200;2.768096744076918200;1.342744438633108600;0.159838890219521900;0.677971072582497900;0.091895141777584400;0.807992922118867300;0.110469691711351500;12.562750206519667000;19.585396493320494100
"бнкцю 2";"460700 стоя нпемаспцяйни накюярх";"#";"#";"жбоо";390218;266286;14631;617;8624;15872;9492;234;45521;111;393;27154;473;810;6.764423988642246100;0.158116744998949300;2.210046691849171500;4.067469978319811000;0.059966480275128300;11.665530549590229100;0.028445638079227500;0.100712934821048700;0.207576277875444000;9.512375133899512600;28.010240429708521900
"бнкцю 1";"426700 стоя сдлспряйни пеяосакхйх";"#";"#";"оПНВЕЕ";1737844;1247540;50891;5050;52755;79955;82534;3543;104833;995;30953;73183;2448;3164;8.249992519466649500;0.290589949385560500;3.035657976204998800;4.600815723390592000;0.203873305083770500;6.032359636423062100;0.057254851413590600;1.781114990758664200;0.182064673238794700;9.101219672191520100;25.284950778090553600
"яебепн-гюоюд";"183700 стоя лсплюмяйни накюярх";"#";"#";"жбоо";449636;322985;18637;32;5067;2574;15403;78;59560;61;1867;22287;101;984;1.947797774199574800;0.007116867866452000;1.126911546228504800;0.572463059007730700;0.017347365424476700;13.246270316433737500;0.013566529370424100;0.415224759583307400;0.218843686893398200;8.404798548158955200;24.022542678966986600
"дюкэмхи бнярнй";"683700 стоя йюлвюряйнцн йпюъ";"#";"#";"оПНВЕЕ";1073189;718154;35699;6800;35685;42648;23215;1906;124954;897;2133;76546;2282;2270;8.356869106932702400;0.633625577600963100;3.325136578925054200;3.973950534342040400;0.177601522192270000;11.643242709345697700;0.083582668104127000;0.198753434856302100;0.211519126640321500;9.508390413990452800;29.755802565997228800
"яебепн-гюоюд";"180700 стоя ояйнбяйни накюярх";"#";"#";"жбоо";111909;85422;4110;69;4969;2878;2576;129;7280;22;169;4091;62;132;7.246959583232805200;0.061657239364126200;4.440214817396277300;2.571732389709496100;0.115272230115540300;6.505285544504910200;0.019658829942185200;0.151015557283149700;0.117952979653111000;6.012921212771090800;19.995710800739886900
"дюкэмхи бнярнй";"690700 стоя опхлнпяйнцн йпюъ";"#";"#";"оПНВЕЕ";2943931;2090087;100973;39294;72248;87443;91878;4368;248858;1684;26006;170587;4306;6199;7.115995585494361100;1.334745957021411200;2.454133605712905600;2.970280213768597200;0.148373042710579800;8.453255188385869100;0.057202427638419500;0.883376682401863400;0.210568793901759200;9.061727329886468100;25.573663241427873100
"жемрп";"390700 стоя пъгюмяйни накюярх";"#";"#";"ноя+";512813;371442;18869;12268;27411;16654;13730;177;30224;32;530;20383;310;783;11.198234054128893000;2.392295047122440300;5.345223307521455200;3.247577577011503200;0.034515505652157800;5.893766343676934900;0.006240091417339300;0.103351514099681600;0.152687236868020100;6.712583339345921400;23.888239962715453800
"чфмши";"350700 стоя йпюямндюпяйнцн йпюъ";"#";"#";"жбоо";831148;586194;29671;1071;36169;16243;19316;1314;70921;117;18823;48326;779;2204;6.793735893005818500;0.128857917001544900;4.351691876777661700;1.954284916765726400;0.158094587245592800;8.532896668222747300;0.014076915302689800;2.264698946517347100;0.265175395958361200;8.232107879703735100;25.901885103495406400
"яебепн-гюоюд";"163700 стоя юпуюмцекэяйни накюярх";"#";"#";"жбоо";69542;49891;1765;26;1495;4559;1059;47;6367;52;92;3996;64;129;9.020448074544879400;0.037387478070806100;2.149779989071352600;6.555750481723275100;0.067585056512611100;9.155618187570101500;0.074774956141612300;0.132294153173621700;0.185499410428230400;7.361019240171407200;25.719708952863018000
"чфмши";"344700 стоя пнярнбяйни накюярх";"#";"#";"жбоо";1423740;957891;41425;1195;28387;28370;63502;1833;65349;240;25677;199349;2784;7738;4.809445544832623900;0.083933864329161200;1.993833143691966200;1.992639105454647600;0.128745417000295000;4.589953221796114500;0.016857010409203900;1.803489401154705200;0.543498110610083300;18.657549833537022200;29.810499107983199200
"яебепмши йюбйюг";"360700 стоя йюаюпдхмн-аюкйюпяйни пеяосакхйх";"#";"#";"оПНВЕЕ";1194867;859975;41490;1651;9605;17994;34355;3453;128800;75;47466;47647;480;1876;2.645147953705307800;0.138174374219055300;0.803855157101166900;1.505941665474065300;0.288986138206176900;10.779442398191597900;0.006276849222549500;3.972492335967099300;0.157004921886703700;6.903027700990989000;24.555201541259403800
"дюкэмхи бнярнй";"679700 стоя ебпеияйни юбрнмнлмни накюярх";"#";"#";"ноя+";106748;79193;2917;73;559;36;5795;27;10100;23;4185;3714;5;121;0.743807846517030800;0.068385356165923500;0.523663206804811300;0.033724285232510200;0.025293213924382700;9.461535579120920300;0.021546071120770400;3.920448158279312000;0.113351069809270400;8.912579158391726300;23.080526098849627200
"яебепн-гюоюд";"160700 стоя бнкнцндяйни накюярх";"#";"#";"ноя+";275935;198673;9175;1348;4529;14667;6813;139;23334;15;1945;13279;279;1739;8.176563321071991600;0.488520847300994800;1.641328573758312600;5.315382245818761700;0.050374182325547700;8.456339355282947100;0.005436062840886400;0.704876148368275100;0.630220885353434700;7.382535742113178800;24.675014043162339000
"ебпною";"500100 RUSSIAN POST";"#";"#";"оПНВЕЕ";54;0;0;0;0;0;0;0;0;0;0;54;0;0;0E-18;0E-18;0E-18;0E-18;0E-18;0E-18;0E-18;0E-18;0E-18;100.000000000000000000;100.000000000000000000
"бнкцю 1";"610700 стоя йхпнбяйни накюярх";"#";"#";"жбоо";131865;89914;5670;1228;5845;5680;3557;239;5927;1811;282;11129;225;358;10.113373525954574800;0.931255450650286300;4.432563606718992900;4.307435634929662900;0.181245971258484100;4.494748416941569000;1.373374284305918900;0.213855079058127600;0.271489781215637200;11.307776893034542900;27.513745118113221900
"яебепн-гюоюд";"163700 стоя юпуюмцекэяйни накюярх";"#";"#";"оПНВЕЕ";1891354;1470647;45778;1880;43175;84725;38314;3359;106400;819;15317;74225;2469;4246;7.216787550083167900;0.099399689323098700;2.282756163045098900;4.479595041435923700;0.177597636402281100;5.625599438286011000;0.043302311465754200;0.809843107107395000;0.224495255779721800;6.080723122165390500;19.823311765010674900
"спюк";"629100 стоя ълюкн-мемежйнцн юбрнмнлмнцн нйпсцю";"#";"#";"оПНВЕЕ";1235999;817259;40730;2971;33059;34200;65843;1613;140040;1083;9431;84900;1727;3143;6.076056695838750700;0.240372362760811300;2.674678539383931500;2.766992529929231300;0.130501723706896200;11.330106254131273600;0.087621430114425700;0.763026507302999400;0.254288231624782900;12.335770498196196000;30.583358077150547900
"яхахпэ";"644700 стоя нляйни накюярх";"#";"#";"жбоо";295082;234762;8201;514;1126;10126;2604;210;22109;7;249;14135;282;757;4.339471740058695500;0.174188869534570100;0.381588846490128200;3.431588507601276900;0.071166658759260100;7.492493611945154200;0.002372221958642000;0.084383323957408400;0.256538860384571100;5.768227136863651500;17.662548037494662500
"яхахпэ";"655400 стоя пеяосакхйх уюйюяхъ";"#";"#";"ноя+";146448;97013;4113;254;3809;4842;4015;101;26649;70;67;4908;303;304;6.495138206052660300;0.173440402053971400;2.600923194581011700;3.306293018682399200;0.068966459084453200;18.196902654867256600;0.047798535999126000;0.045750027313449100;0.207582213481918500;6.299847044684802800;30.947503550748388500
"спюк";"629100 стоя ълюкн-мемежйнцн юбрнмнлмнцн нйпсцю";"#";"#";"ноя+";676674;486015;22359;2401;22136;29947;18769;7604;39812;544;4090;40650;732;1615;8.398578931656898300;0.354823740826454100;3.271294596807325200;4.425617062278142800;1.123731663991818800;5.883483036144435900;0.080393217413407300;0.604426947097125100;0.238667364196053000;8.889214008518134300;24.871651637272896500
"чфмши";"392700 стоя рюланбяйни накюярх";"#";"#";"ноя+";146943;106472;4998;357;2245;1595;10245;183;9520;4;1740;9083;146;355;3.197158081705151000;0.242951348482064500;1.527803297877408200;1.085454904282613000;0.124538086196688500;6.478702626188386000;0.002722143960583400;1.184132622853759600;0.241590276501772800;13.252757872100066000;24.140653178443342000
"чфмши";"394700 стоя бнпнмефяйни накюярх";"#";"#";"жбоо";205218;141130;9238;920;8016;17143;6468;107;9714;151;1281;9885;408;757;13.275638589207574400;0.448303755031235100;3.906090109054761300;8.353555730978764000;0.052139675856893600;4.733502909101540800;0.073580290227952700;0.624214250211969700;0.368876024520266300;8.167412215302751200;26.727674960286134700
"яебепн-гюоюд";"173700 стоя мнбцнпндяйни накюярх";"#";"#";"оПНВЕЕ";1314632;934589;43429;13815;39262;39460;37565;2518;109912;140;33019;57961;921;2041;7.264314271978774300;1.050864424416871000;2.986539198802402500;3.001600447881992800;0.191536490820244800;8.360666711292589900;0.010649368036074000;2.511653451308046700;0.155252572583049900;7.336425706965903800;25.605188372107175200
"чфмши";"398700 стоя кхоежйни накюярх";"#";"#";"оПНВЕЕ";1429514;1077603;48569;5692;20386;27295;48172;1834;122709;365;11229;60779;1733;3148;4.075091254790089500;0.398177282628921400;1.426079073027616400;1.909390184356361700;0.128295350727589900;8.583966299035896100;0.025533153225501800;0.785511719367561300;0.220214702339396500;7.742771319483404800;21.219939084192250000
"яхахпэ";"672700 стоя гюаюийюкэяйнцн йпюъ";"#";"#";"жбоо";262212;113194;12176;5068;17247;9978;26168;181;53690;27;1574;22270;251;388;12.559303159275700600;1.932787210348878000;6.577502173813555400;3.805317834424053800;0.069028114655317100;20.475798209082727000;0.010297011578417500;0.600277637941818100;0.147971870089851000;18.568562842280292300;52.187542904214910100
"бнкцю 2";"432700 стоя скэъмнбяйни накюярх";"#";"#";"оПНВЕЕ";2024376;1431200;66661;13705;46686;100841;70143;4522;176228;532;17033;88902;3584;4339;8.355908190968476200;0.676998739364624000;2.306192130315712100;4.981337459049109500;0.223377475330669800;8.705299805964899800;0.026279702980078800;0.841395076803913900;0.214337652689026100;8.033537248021118600;26.008755290519152600
"йпшл";"298700 стоя йпшляйнцн тедепюкэмнцн нйпсцю";"#";"#";"оПНВЕЕ";1;0;0;0;0;0;0;0;0;0;0;1;0;0;0E-18;0E-18;0E-18;0E-18;0E-18;0E-18;0E-18;0E-18;0E-18;100.000000000000000000;100.000000000000000000
"чфмши";"394700 стоя бнпнмефяйни накюярх";"#";"#";"ноя+";1829232;1290002;75906;8061;45841;122800;42221;666;153473;305;7545;77209;2241;2962;9.944337295651945700;0.440676743026581600;2.506024386190488700;6.713199856551820700;0.036408722349051400;8.390023791405354800;0.016673664138829800;0.412468183368758000;0.161925879276111500;6.651479965362512800;25.328881191669509400
"дюкэмхи бнярнй";"690700 стоя опхлнпяйнцн йпюъ";"#";"#";"ноя+";1014558;730861;32903;6306;24302;37125;26641;772;75126;633;17632;58891;1154;2212;7.007879293248882800;0.621551453933634200;2.395328803281823200;3.659228945018421800;0.076092249038497600;7.404800908375864200;0.062391701607990900;1.737899656796358600;0.218025977814969700;8.544213342164765300;24.719533038032325400
"бнкцю 1";"603700 стоя мхфецнпндяйни накюярх";"#";"#";"жбоо";866924;606151;32256;5082;10009;18193;26455;902;113213;62;1211;51239;935;1216;4.087440190835644200;0.586210555942620100;1.154541805279355500;2.098569194070068400;0.104046029409729100;13.059160895303394500;0.007151722642353900;0.139689292256299300;0.140266044082295600;9.069883865252317400;26.359519404238433800
"бнкцю 1";"424700 стоя пеяосакхйх люпхи щк";"#";"#";"оПНВЕЕ";782103;567556;32258;4850;6150;31166;14924;1070;80041;151;5485;35903;1049;1500;5.717277647573273600;0.620122924985583700;0.786341440961101000;3.984897129917670700;0.136810624687541200;10.234074028612599600;0.019306919932540900;0.701314277019778700;0.191790595356366100;6.632885949804565400;23.307543891277747300
"чфмши";"385700 стоя пеяосакхйх юдшцеъ";"#";"#";"жбоо";70722;56802;1399;4;1267;70;1554;227;2582;12;1730;4853;16;206;2.210061932637651700;0.005655948643986300;1.791521732982664500;0.098979101269760500;0.320975085546223200;3.650914849693164800;0.016967845931958900;2.446197788524080200;0.291281355165295100;9.082039535081021500;17.704533242838155000
"бнкцю 1";"426700 стоя сдлспряйни пеяосакхйх";"#";"#";"жбоо";398586;280553;12969;10936;8009;12067;19464;350;27214;37;2615;21367;886;2119;8.534419171772214800;2.743698975879734900;2.009353063077980700;3.027452042971905700;0.087810409798638200;6.827635692171827400;0.009282814750141800;0.656069204638396700;0.531629309609469500;10.466248187342254900;26.359179700240349600
"яебепмши йюбйюг";"355700 стоя ярюбпнонкэяйнцн йпюъ";"#";"#";"оПНВЕЕ";3158404;2324877;95518;5325;65882;129317;66824;10124;239643;1334;56371;152945;3464;6780;6.673243828211970300;0.168597810793046100;2.085926942848350000;4.094378046633679500;0.320541640651417600;7.587471393779896400;0.042236521990220400;1.784793838913577900;0.214665381629455900;7.067905182490903600;23.366516759730547500
"жемрп";"150700 стоя ъпнякюбяйни накюярх";"#";"#";"оПНВЕЕ";2574678;1830982;89234;10050;94383;81568;130797;2741;184928;600;19417;123056;3082;3840;7.493092340090683200;0.390340073593668800;3.665817628456840000;3.168085484864515100;0.106459914599029500;7.182568072590048200;0.023303884990666800;0.754152558106295200;0.149144863940267500;9.979306150128287900;25.419178631269619000
"бнкцю 1";"603700 стоя мхфецнпндяйни накюярх";"#";"#";"оПНВЕЕ";4773279;3624578;116158;46611;133657;200789;97658;7320;262860;973;25407;243560;8194;5514;8.270310618759138100;0.976498545339587300;2.800108688388003300;4.206521345180116200;0.153353700883606400;5.506906258779342300;0.020384310240402900;0.532275611796419200;0.115518074681995300;7.320167122014028500;21.631733657303501400
"яебепн-гюоюд";"183700 стоя лсплюмяйни накюярх";"#";"#";"ноя+";861130;586800;31103;997;24036;54396;13965;5490;102531;505;3026;35166;1427;1688;9.585544575151254700;0.115778105512524200;2.791216192677063900;6.316816276288133000;0.637534402471171600;11.906564630195208600;0.058643874908550400;0.351398743511432700;0.196021506625016000;5.871122826983150000;28.245096559172250400
"йюгюуярюм";"468700 цсо ""аюийнмспябъгэхмтнпл""";"#";"#";"оПНВЕЕ";51893;32462;1259;1670;5356;1287;3131;47;3;78;137;5749;530;184;17.395409785520205000;3.218160445532152700;10.321237931898329300;2.480103289461006300;0.090570982598809100;0.005781126548860200;0.150309290270364000;0.264004779064613700;0.354575761663422800;18.133466941591351400;35.018210548628909500
"яебепмши йюбйюг";"358700 стоя пеяосакхйх йюклшйхъ";"#";"#";"оПНВЕЕ";448398;308918;15299;250;4567;18435;13737;1362;61147;31;6003;17372;297;980;5.470363382530698200;0.055754039937733900;1.018514801582522700;4.111302905008496900;0.303748009580774200;13.636769120290456200;0.006913500952279000;1.338766006984866100;0.218555836555916800;7.004045513137882000;27.694369734030927900
"спюк";"640700 стоя йспцюмяйни накюярх";"#";"#";"оПНВЕЕ";1326449;1002138;40439;3042;9401;30829;24183;2061;127865;884;14086;67005;904;3612;3.602701649290700200;0.229334109340050000;0.708734372750102000;2.324175298107955900;0.155377251594294200;9.639646906892010200;0.066644100150100000;1.061933025694919300;0.272305983871223100;6.942747139166300400;21.400898187566955100
"жемрп";"150700 стоя ъпнякюбяйни накюярх";"#";"#";"ноя+";466823;314028;17897;3956;20725;27799;21482;139;33398;69;474;25048;571;1237;11.629247059377965500;0.847430396531447700;4.439584167875190400;5.954933668649573800;0.029775739413010900;7.154317589321862900;0.014780762730199700;0.101537413537893400;0.264982659380536100;10.089691381958472500;28.897033779398187300
"лняйбю";"144700 стоя лняйнбяйни накюярх";"#";"#";"ноя+";3691958;2600637;129615;5367;114515;145247;115491;1212;298813;1886;24247;242702;4891;7335;7.512409404440678900;0.145370017752097900;3.101741677451368600;3.934145513031296700;0.032828109095498900;8.093618616463134200;0.051084004747616300;0.656751783200133900;0.198675066184393200;9.834456404975354500;26.048671192900894300
"яебепн-гюоюд";"185700 стоя пеяосакхйх йюпекхъ";"#";"#";"ноя+";727705;512282;27846;4570;9703;37664;11255;1515;86228;264;847;32905;846;1780;7.497955902460475100;0.628001731470857000;1.333369978219196000;5.175723679238152800;0.208188757807078400;11.849307068111391300;0.036278437004005700;0.116393318721185100;0.244604613133069000;6.184648999251070100;25.776516582956005500
"чфмши";"385700 стоя пеяосакхйх юдшцеъ";"#";"#";"ноя+";35598;26825;920;36;1272;1881;665;82;1316;4;775;1756;11;55;9.143772122029327500;0.101129276925670000;3.573234451373672700;5.284004719366256500;0.230350019664026100;3.696836900949491500;0.011236586325074400;2.177088600483173200;0.154503061969773600;6.831844485645261000;22.060228102702399000
"бнкцю 1";"426700 стоя сдлспряйни пеяосакхйх";"#";"#";"ноя+";1817652;1309815;61310;9186;41139;64733;52500;1181;156204;343;37129;77528;1898;4686;6.692260124600308500;0.505377266935585000;2.263304526939150100;3.561352778199567400;0.064973933404194000;8.593724211235153900;0.018870498863368800;2.042690239935917300;0.257805124413254000;7.258044994311342300;24.566143574237532800
"яебепмши йюбйюг";"369700 стоя йюпювюебн-вепйеяяйни пеяосакхйх";"#";"#";"оПНВЕЕ";633138;457881;16924;555;11231;14875;33953;967;61717;156;7763;24404;516;2196;4.639272954711295200;0.087658614709589400;1.773862886132249200;2.349408817666922500;0.152731316079590900;9.747795899156266100;0.024639178188641300;1.226115001784761000;0.346843816040105000;9.298604727563343200;25.007660257321468600
"дюкэмхи бнярнй";"693700 стоя яюуюкхмяйни накюярх";"#";"#";"жбоо";100545;65717;6045;611;1072;1664;2007;218;5044;130;22;17555;201;259;3.786364314486051000;0.607688099855786000;1.066189268486747200;1.654980357054055400;0.216818340046745200;5.016659207320105400;0.129295340394848100;0.021880749912974300;0.257596101248197300;19.655875478641404300;28.626982942960863300
"бнкцю 2";"450700 стоя пеяосакхйх аюьйнпрнярюм";"#";"#";"жбоо";387784;276053;14026;17163;5592;19474;6416;644;28618;82;1264;17551;174;727;11.122171105563922200;4.425917521094217400;1.442039898500196000;5.021867843954366300;0.166071833804385900;7.379881583561983000;0.021145792503042900;0.325954655168856900;0.187475501825758700;6.225372887999504900;25.195727518412312000
"яебепн-гюоюд";"173700 стоя мнбцнпндяйни накюярх";"#";"#";"жбоо";73948;72726;184;17;21;10;7;0;17;0;7;283;2;674;0.979066370963379700;0.022989127494996500;0.028398333964407400;0.013523016173527300;0E-18;0.022989127494996500;0E-18;0.009466111321469100;0.911451290095743000;0.394872072266998400;1.403689078812138300
"хрнцн";;;;;361336319;250031440;12531492;2174133;10249855;16051530;11888857;547952;30212142;149747;3553613;22314216;724255;907087;8.332087979232444700;0.601692352990400600;2.836652298990182600;4.442268644464715400;0.151645979434467000;8.361224823348023300;0.041442554242658300;0.983464106191882700;0.251036763342906600;9.666154815729995900;27.335582338735232400
"спюк";"628700 стоя уюмрш-люмяхияйнцн юбрнмнлмнцн нйпсцю";"#";"#";"оПНВЕЕ";2832652;1998038;98616;5369;94084;175893;62973;5004;193757;813;31445;156065;3641;6954;10.094462715504763700;0.189539696369338700;3.321410466234468600;6.209481432946934500;0.176654244856057200;6.840127202353130600;0.028701019398076400;1.110090473520926700;0.245494328283177700;7.861149198701428900;25.982648062663539300
"яебепмши йюбйюг";"362700 стоя пеяосакхйх яебепмюъ няерхъ-юкюмхъ";"#";"#";"жбоо";38478;24325;981;99;379;604;829;84;8425;1;533;1999;31;188;3.381152866573106700;0.257289879931389400;0.984978429232288600;1.569728156349082600;0.218306564790269800;21.895628670928842500;0.002598887676074600;1.385207131347783100;0.488590883102032300;7.430219865897395900;34.232548469255158800
"бнкцю 1";"430700 стоя пеяосакхйх лнпднбхъ";"#";"#";"оПНВЕЕ";1419514;1160960;34915;1668;20647;17497;18018;2728;87853;233;17151;55970;474;1400;2.936638877813110700;0.117505005234185800;1.454511896325080300;1.232604961979945200;0.192178449807469300;6.188949175562903900;0.016414068476957600;1.208230422524892300;0.098625304153393300;5.245598141335696600;15.754617425400524400
"лняйбю";"144700 стоя лняйнбяйни накюярх";"#";"#";"жбоо";3251838;2158163;121780;9924;116266;84668;174634;5606;328637;778;18018;222374;5188;5802;6.822234071931012600;0.305181254416732900;3.575393362153957200;2.603696740120510300;0.172394811795667600;10.106192251889546800;0.023924931069751900;0.554086642692532700;0.178422172322237500;12.368266807879113300;29.887558974340050200
"спюк";"640700 стоя йспцюмяйни накюярх";"#";"#";"ноя+";95267;66401;3086;108;267;1858;1645;66;15166;11;358;5595;52;654;3.085013698342553000;0.113365593542359900;0.280264939590834200;1.950308081497265600;0.069278973831442200;15.919468441328056900;0.011546495638573700;0.375785948964489300;0.686491649784290500;7.654276926952669900;27.060787051129982100
"спюк";"625700 стоя рчлемяйни накюярх";"#";"#";"ноя+";811415;519195;39995;2634;28758;48171;18770;157;108055;146;598;41971;1110;1855;10.170874336806689500;0.324618105408453100;3.544178995951516800;5.936666194240924800;0.019348915166714900;13.316860053117085600;0.017993258690066100;0.073698415730544800;0.228612978562141400;7.622609885200544700;31.084586802067992300
"бнкцю 2";"440700 стоя оемгемяйни накюярх";"#";"#";"ноя+";626075;479995;22367;1347;10564;13732;19191;279;48875;34;6550;22542;272;327;4.191510601764964300;0.215149942099588700;1.687337779020085500;2.193347442399073600;0.044563351036217700;7.806572694964660800;0.005430659266062400;1.046200535079663000;0.052230164117717500;6.709260072674999000;19.760092640658068100
"жемрп";"390700 стоя пъгюмяйни накюярх";"#";"#";"жбоо";300628;202393;13493;20713;17990;13195;11183;43;10274;28;121;10537;222;436;17.482070864989289100;6.889910454116050400;5.984139867211304300;4.389145388985723200;0.014303391566986400;3.417512673470202400;0.009313836369200500;0.040249078595473500;0.145029737748978800;7.298721343321314000;28.188325771385233600
"яхахпэ";"630700 стоя мнбняхахпяйни накюярх";"#";"#";"ноя+";1383961;953509;41448;3496;43970;28731;90440;3219;133024;246;14478;67397;1315;2688;5.794960985172270000;0.252608274366112900;3.177112649850682200;2.075997806296564700;0.232593259492138900;9.611831547276260000;0.017775067361002200;1.046127744929228500;0.194225126286073100;11.499746018854577500;28.108017494712640000
"дюкэмхи бнярнй";"677700 стоя пеяосакхйх яюую (ъйсрхъ)";"#";"#";"оПНВЕЕ";1470501;979260;45652;13573;33857;43634;66483;7630;102889;397;53939;119187;1573;2427;6.464735488109154600;0.923018753472456000;2.302412579114193100;2.967288019525318200;0.518870779414634900;6.996867054153652400;0.026997601497720800;3.668069589888072200;0.165045790516293400;12.733279338130337900;30.301849505712678900
"жемрп";"600700 стоя бкюдхлхпяйни накюярх";"#";"#";"жбоо";235279;183149;5887;125;5048;10352;4808;21;8865;34;129;15951;433;477;6.985323807054603300;0.053128413500567400;2.145537850806914300;4.399882692462990700;0.008925573468095300;3.767867085460240800;0.014450928472154300;0.054828522732585600;0.202738025918165200;9.007178711232196700;19.654537804053910500
"яхахпэ";"660700 стоя йпюямнъпяйнцн йпюъ";"#";"#";"жбоо";644325;438744;28029;11739;11872;45274;24030;154;56575;63;424;25606;633;1182;10.972723392697784500;1.821906646490513300;1.842548403367865600;7.026578201994335200;0.023900981647460500;8.780506731851162100;0.009777674310324800;0.065805300120280900;0.183447794203235900;7.801808093741512400;27.556279827726690700
"жемрп";"214700 стоя ялнкемяйни накюярх";"#";"#";"жбоо";128095;85223;5358;138;169;251;2792;17;25589;8;86;8112;220;132;0.710410242398220100;0.107732542253796000;0.131933330731098000;0.195948319606542000;0.013271400132714000;19.976579882118740000;0.006245364768336000;0.067137671259612000;0.103048518677544000;8.684179710371208900;29.286076739919590900
"бнкцю 2";"410700 стоя яюпюрнбяйни накюярх";"#";"#";"оПНВЕЕ";3190495;2113692;116016;23033;100987;135043;165218;10045;297656;1028;83763;135572;4029;4413;8.384435643998815200;0.721925594617763100;3.165245518328660600;4.232666090998418700;0.314841427427405500;9.329461415861802000;0.032220705564497000;2.625391984629344300;0.138317094996231000;9.553972032552942400;30.114041864977064700
"яебепн-гюоюд";"160700 стоя бнкнцндяйни накюярх";"#";"#";"жбоо";194459;126898;10783;1649;7732;14570;4203;69;18778;37;109;8865;225;541;12.710648517168143400;0.847993664474259400;3.976159498917509600;7.492581983862922300;0.035483058125363200;9.656534282290868500;0.019027147110702000;0.056052946893689700;0.278207745591615700;6.835888284934099200;29.197928612201029500
"жемрп";"248700 стоя йюксфяйни накюярх";"#";"#";"жбоо";186467;133148;7749;591;4409;4225;5001;795;17157;3830;518;8244;180;620;5.376286420653520500;0.316946162055484300;2.364493449243029600;2.265816471547244300;0.426348898196463700;9.201091882209720800;2.053982742254661700;0.277797143730526000;0.332498511801015700;7.199665356336509900;24.438640617374656100
"чфмши";"308700 стоя аекцнпндяйни накюярх";"#";"#";"жбоо";300064;224574;13651;797;31390;5793;6475;55;8574;16;12;6609;896;1222;13.363149194838434500;0.265610003199317500;10.461101631651914300;1.930588141196544700;0.018329423056414600;2.857390423376346400;0.005332195798229700;0.003999146848672300;0.407246454089794200;4.659006078703210000;20.608603497920443600
"бнкцю 2";"421700 стоя ""рюрюпярюм онврюяш""";"#";"#";"оПНВЕЕ";7112631;4985403;251601;37745;122576;289869;201344;7354;679641;1365;35540;449870;40802;9521;7.036960022247744900;0.530675638873997500;1.723356659441492200;4.075411756915268100;0.103393526249288100;9.555409243077561600;0.019191210678580100;0.499674452393214300;0.133860451919971700;9.729395493735018700;26.370368433284392200
"чфмши";"394700 стоя бнпнмефяйни накюярх";"#";"#";"оПНВЕЕ";2833953;2014088;103603;10357;73633;179703;71524;8098;170127;1108;52546;139603;3933;5630;9.642220601400234900;0.365461247945890400;2.598243513565680200;6.341071993783947700;0.285749269659729700;6.003169424475282400;0.039097331536549800;1.854159190360602300;0.198662433710086200;7.588693249323471500;25.274307654361240300
"яебепн-гюоюд";"167700 стоя пеяосакхйх йнлх";"#";"#";"ноя+";1065321;752035;34629;3635;42273;66171;33073;537;81148;331;1480;46081;1763;2165;10.889393900993221800;0.341211709897767900;3.968099755848237300;6.211367278031691900;0.050407342012407500;7.617234617547199400;0.031070447311186000;0.138925262901979800;0.203225131204585300;7.595551012323985000;26.157092557079040000
"бнкцю 1";"428700 стоя всбюьяйни пеяосакхйх";"#";"#";"жбоо";245043;156534;7332;6618;1228;13143;4885;116;28870;15;1629;23621;284;768;8.994747860579571700;2.700750480527907300;0.501136535220349100;5.363548438437335500;0.047338630362834300;11.781605677370910400;0.006121374615883700;0.664781283284974500;0.313414380333247600;11.748958346086197100;33.127655146239639600
"яхахпэ";"630700 стоя мнбняхахпяйни накюярх";"#";"#";"оПНВЕЕ";4142797;3032433;103337;7267;106463;78257;132339;6871;355531;1397;48431;226109;5794;38568;5.705058683782961100;0.175412891338870800;2.569833858622568300;1.888989491881933900;0.165854131882397300;8.581907344241100900;0.033721179193670400;1.169041109182998800;0.930965239185024000;8.792175914002061900;24.307901159530626300
"дюкэмхи бнярнй";"680700 стоя уюаюпнбяйнцн йпюъ";"#";"#";"ноя+";1475724;1051024;51969;14456;49545;44119;61362;1444;121523;231;9605;65414;1164;3868;7.667558432335585800;0.979586968836991200;3.357335111443603300;2.989651181386221300;0.097850275525775800;8.234805424320536900;0.015653333550176000;0.650866964283294200;0.262108632779571200;8.669642832941661200;25.257500725067831100
"яебепн-гюоюд";"166100 стоя мемежйнцн юбрнмнлмнцн нйпсцю";"#";"#";"оПНВЕЕ";109578;84367;2936;964;4225;3774;2045;177;5101;41;555;4813;201;379;8.708864918140502700;0.879738633667342000;3.855700961871908600;3.444121995291025600;0.161528774023982900;4.655131504499078300;0.037416269689171200;0.506488528719268500;0.345872346638923900;6.441986530142911900;20.327985544543612800
"дюкэмхи бнярнй";"677700 стоя пеяосакхйх яюую (ъйсрхъ)";"#";"#";"ноя+";849386;510000;33886;1366;32989;23524;44078;432;111566;592;11896;76192;891;1974;7.151518861860214300;0.160822052635668600;3.883864344361691900;2.769529989898585600;0.050860268476287600;13.134899798207175500;0.069697404948986700;1.400541096745178300;0.232403171231925200;14.264539326054349800;35.967157452559849100
"бнкцю 2";"410700 стоя яюпюрнбяйни накюярх";"#";"#";"ноя+";1575058;1050279;62738;9593;65957;69076;89186;575;136146;1187;24874;61697;1751;1999;9.420351504516024200;0.609056936315996000;4.187591822015443200;4.385616275718100500;0.036506592138194300;8.643872162167996400;0.075362304118324500;1.579243431035555500;0.126915961190000600;9.690690755515035000;29.334856240214646100
"яебепмши йюбйюг";"360700 стоя йюаюпдхмн-аюкйюпяйни пеяосакхйх";"#";"#";"жбоо";40267;25808;1414;91;106;414;872;3;8909;2;9;2518;11;110;1.817865746144485600;0.225991506692825400;0.263242853949884500;1.028137184294832000;0.007450269451411800;22.124816847542652800;0.004966846300941200;0.022350808354235500;0.273176546551767000;8.446122134750540100;32.396254997889090300
"жемрп";"214700 стоя ялнкемяйни накюярх";"#";"#";"ноя+";453960;338158;16669;13704;1015;3822;6972;112;44259;58;4800;23517;391;483;4.276808529385849000;3.018768173407348700;0.223587981319940100;0.841924398625429600;0.024671777249096800;9.749537404176579400;0.012776456075425100;1.057361882104150100;0.106397039386730100;6.802361441536699300;21.837386553881399200
"яебепмши йюбйюг";"362700 стоя пеяосакхйх яебепмюъ няерхъ-юкюмхъ";"#";"#";"ноя+";287868;180782;8610;440;2760;4534;7581;263;65699;26;4407;11508;88;1170;3.123653896924979500;0.152847833034585300;0.958772770853307800;1.575027443133658500;0.091361318382036200;22.822613142134589500;0.009031917406589100;1.530910000416857700;0.406436283296510900;6.661733850236914100;34.208734558895049100
"чфмши";"305700 стоя йспяйни накюярх";"#";"#";"оПНВЕЕ";1618838;1179714;64244;4611;29946;50613;43038;2261;151145;549;17539;66888;2087;6203;5.773276881318575400;0.284833936440829800;1.849845382922812500;3.126501848857019700;0.139668082908851900;9.336635290251402500;0.033913214293215300;1.083431448977600000;0.383176080620791000;6.919345851777633100;23.157351137050155700
"яью";"131000 лняйбю тцсо ""онврю пняяхх""";"#";"#";"оПНВЕЕ";1;0;0;0;0;0;0;0;0;0;0;1;0;0;0E-18;0E-18;0E-18;0E-18;0E-18;0E-18;0E-18;0E-18;0E-18;100.000000000000000000;100.000000000000000000
"яебепмши йюбйюг";"414700 стоя юярпюуюмяйни накюярх";"#";"#";"оПНВЕЕ";1457335;1030052;54415;3665;36250;66004;66969;3339;96393;332;21296;73911;1519;3190;7.591116661577468500;0.251486446149993000;2.487417100392154200;4.529089056394034300;0.229116846847155900;6.614333698154508100;0.022781309719453700;1.461297505377967300;0.218892704834509600;9.771191935965306500;25.585606603835082500
"яебепмши йюбйюг";"355700 стоя ярюбпнонкэяйнцн йпюъ";"#";"#";"ноя+";1278822;953028;40534;23967;29710;45362;37067;881;75918;222;12089;53573;2196;4275;8.250561845198158900;1.874146675612399500;2.323231849311319300;3.547170755586000200;0.068891526733196600;5.936557237832943100;0.017359726373177800;0.945323117681741500;0.334292028132140400;7.259493502614124600;22.306466419877043100
"яхахпэ";"670700 стоя пеяосакхйх аспърхъ";"#";"#";"оПНВЕЕ";1565803;982108;52318;2221;33310;50497;85037;3744;238960;489;18459;94462;1643;2555;5.762282994731776600;0.141844152808495100;2.127342967154872000;3.224990627812055500;0.239110539448449100;15.261179088301657400;0.031229982315783000;1.178883933674925900;0.163175060975103500;11.568632835676007800;33.936389188167349300
"яхахпэ";"644700 стоя нляйни накюярх";"#";"#";"оПНВЕЕ";2108956;1565531;58337;6664;25578;72436;38183;4874;178073;455;32747;116793;2560;6725;5.403763757992106000;0.315985729432003300;1.212827579143424500;3.434685218657952100;0.231109610631990400;8.443656482164635000;0.021574655896092700;1.552758805778783400;0.318878155826864100;7.469857123619459100;23.001333361151204700
"жемрп";"300700 стоя рскэяйни накюярх";"#";"#";"ноя+";417016;282772;18821;1938;28601;13719;24492;179;23689;156;850;20513;515;771;10.921403495309532500;0.464730370057743600;6.858489842116369600;3.289801830145605900;0.042924012507913400;5.680597387150612900;0.037408636599075300;0.203829109674448900;0.184884992422353100;10.915648320448136300;27.678314501122259100
"дюкэмхи бнярнй";"675700 стоя юлспяйни накюярх";"#";"#";"оПНВЕЕ";2097004;1481363;56744;37755;79643;75275;63545;2525;129158;420;16162;146268;4369;3777;9.576471957135036500;1.800425750260848300;3.797942207072566400;3.589645036442467400;0.120409880000228900;6.159168032106758000;0.020028574099048000;0.770718606163841400;0.180114105647867100;10.213714423053079500;26.652166614846705100
"дюкэмхи бнярнй";"685700 стоя люцюдюмяйни накюярх";"#";"#";"жбоо";63918;20120;1146;339;697;2420;472;138;2;93;5;38176;52;258;5.891924027660439900;0.530367032760724700;1.090459651428392600;3.786100941831721900;0.215901623955693200;0.003129009042836100;0.145498920491880200;0.007822522607090300;0.403642166525861300;60.546324978879189000;66.729246847523389300
"жемрп";"241700 стоя апъмяйни накюярх";"#";"#";"жбоо";88388;64477;3648;23;2418;2845;1309;24;10819;4;95;2476;61;189;6.263293659772819800;0.026021631895732500;2.735665474951350900;3.218762727972122900;0.027153007195546900;12.240349368692582700;0.004525501199257800;0.107480653482373200;0.213829931664931900;4.351269403086391800;22.925057700140290500
"яебепн-гюоюд";"160700 стоя бнкнцндяйни накюярх";"#";"#";"оПНВЕЕ";2601304;1838269;93430;14017;57240;127692;59957;3497;230904;687;38071;128219;2169;7152;8.006369113337003300;0.538845133056344000;2.200434858824651000;4.908768832862287500;0.134432576892204800;8.876471185220950700;0.026409831376878700;1.463535211570812200;0.274939030578509900;7.317291635272155800;25.741128295654794700
"бнкцю 2";"460700 стоя нпемаспцяйни накюярх";"#";"#";"оПНВЕЕ";2597318;1877398;84560;8040;53490;113576;70999;6012;202914;1971;32121;130418;4388;11431;7.350851917246944700;0.309550082046172200;2.059432075702705600;4.372818422696027200;0.231469538962884000;7.812443451283208300;0.075885971606095200;1.236698779279241100;0.440107834312163500;7.923750576556278400;24.462156732444775700
"лняйбю";"101700 стоя ц. лняйбш";"#";"#";"жбоо";10909456;6803115;415913;80262;552277;1048180;460314;14170;688408;16520;86390;689193;34982;19732;15.907603458870909800;0.735710378226008700;5.062369746025833000;9.607995119096680900;0.129887319771031700;6.310195485457753300;0.151428265534046800;0.791881831688032800;0.180870613530133900;10.857452470590650900;33.827791229920172000
"бнкцю 2";"443700 стоя яюлюпяйни накюярх";"#";"#";"жбоо";1009789;718208;38285;5207;13089;76692;50034;706;66644;61;608;37498;1022;1735;9.679744976425768200;0.515652279832717500;1.296211386735248700;7.594853974444166100;0.069915596228519000;6.599794610557255000;0.006040865963087300;0.060210598451755800;0.171818072884533300;8.769554827790756300;25.084052212888039000
"дюкэмхи бнярнй";"683700 стоя йюлвюряйнцн йпюъ";"#";"#";"жбоо";7032;5547;277;1;129;193;158;14;623;19;5;61;4;1;4.664391353811149000;0.014220705346985200;1.834470989761092200;2.744596131968145600;0.199089874857792900;8.859499431171786100;0.270193401592719000;0.071103526734926100;0.014220705346985200;3.171217292377701900;17.178612059158134200
"жемрп";"170700 стоя рбепяйни накюярх";"#";"#";"ноя+";992792;696913;35577;2938;25491;28599;28602;537;138991;223;654;31603;691;1973;6.012538376618667400;0.295933085681592900;2.567607313515822000;2.880663824849515300;0.054089879853987500;14.000012087123989700;0.022461905414225700;0.065874825743962500;0.198732463597611600;6.133812520648836800;26.219187906429544200
"яхахпэ";"656700 стоя юкрюияйнцн йпюъ";"#";"#";"жбоо";146705;101043;4851;1591;2045;13041;2031;177;11599;13;197;9568;140;409;11.741931086193381300;1.084489281210592700;1.393953852970246400;8.889267577792168000;0.120650284584710800;7.906342660441021100;0.008861320336730200;0.134283085102757200;0.278790770594049300;8.001772264067346000;27.818411097099621700
"чфмши";"344700 стоя пнярнбяйни накюярх";"#";"#";"ноя+";1356401;988032;46764;559;28694;28263;45748;1135;97124;534;24431;90055;1311;3751;4.613532428831886700;0.041212001465643300;2.115451109222125300;2.083675845122497000;0.083677319612710400;7.160419374506506600;0.039368888698843500;1.801163520227425400;0.276540639530640300;10.108662556279448300;23.710171254665840000
"яебепмши йюбйюг";"386700 стоя пеяосакхйх хмцсьерхъ";"#";"#";"ноя+";149659;107883;3782;3704;3385;1672;1815;85;3183;48;14911;4732;422;4037;8.833414629257178000;2.474959741813055000;2.261808511349133700;1.117206449328139300;0.056795782412016700;2.126835004911164700;0.032072912420903500;9.963316606418591600;2.697465571733073200;4.656585972109929900;25.387046552496007600
"яхахпэ";"667700 стоя пеяосакхйх ршбю";"#";"#";"ноя+";68578;39305;2489;0;2;9;1912;131;21586;65;127;2658;0;294;0.444749044883198700;0E-18;0.002916387179562000;0.013123742308028800;0.191023360261308300;31.476566829012219700;0.094782583335763700;0.185190585902184400;0.428708915395607900;6.663944705299075500;39.056257108693750200
"жемрп";"390700 стоя пъгюмяйни накюярх";"#";"#";"оПНВЕЕ";2201884;1613163;68079;46276;74533;63690;56438;2999;145282;410;21613;102917;2265;4219;8.673617683765357300;2.101654764737833600;3.384964875533861000;2.892522948529532000;0.136201543768881600;6.598076919583411300;0.018620417787676400;0.981568511329388800;0.191608640600503900;7.340077860595744400;23.645296482466832900
"жемрп";"302700 стоя нпкнбяйни накюярх";"#";"#";"оПНВЕЕ";1046737;787515;32957;2562;21982;51962;24726;2547;51381;281;15687;48609;1984;4544;7.932651659394862300;0.244760622773437800;2.100049964795359300;4.964188712159788000;0.243327598049940000;4.908682887869636800;0.026845329820193600;1.498657255834082500;0.434110956238291000;7.195599276609119600;21.616222604149848500
"дюкэмхи бнярнй";"675700 стоя юлспяйни накюярх";"#";"#";"ноя+";194041;141887;4700;245;2733;3455;6778;532;17469;182;90;15419;190;361;3.599239336016615000;0.126261975561865800;1.408465221267670200;1.780551532923454300;0.274168861220051400;9.002736535062177600;0.093794610417386000;0.046381950206399700;0.186043155827892000;11.537252436340773300;24.455656278827670400
"жемрп";"153700 стоя хбюмнбяйни накюярх";"#";"#";"ноя+";185762;137292;5718;81;4523;2156;5329;464;19121;88;472;9827;163;528;4.011046392696030400;0.043604181694856900;2.434835972911575000;1.160624885606313500;0.249781979091525700;10.293278496140222400;0.047372444310461800;0.254088564937931300;0.284234665862770600;8.246573572635953500;23.014394763191610800
"яебепн-гюоюд";"167700 стоя пеяосакхйх йнлх";"#";"#";"жбоо";690803;556288;15923;245;10184;7275;12295;92;58800;28;442;26386;1237;1608;2.974654134391425600;0.035465972209153700;1.474226371338862200;1.053122236006502600;0.013317834462212800;8.511833330196886800;0.004053253966760400;0.063983509046718100;0.232772584948241400;5.778492565897947800;17.167267658073285700
"яебепмши йюбйюг";"358700 стоя пеяосакхйх йюклшйхъ";"#";"#";"ноя+";87241;58323;3560;3;351;187;2618;42;17871;10;3;4015;9;249;0.915853784344516900;0.003438750128953100;0.402333765087516200;0.214348758038078400;0.048142501805343800;20.484634518173794400;0.011462500429843800;0.003438750128953100;0.285416260703109800;7.613392785502229500;29.066608589997822100
"яхахпэ";"649700 стоя пеяосакхйх юкрюи";"#";"#";"оПНВЕЕ";361370;220591;10304;459;5761;5847;19793;836;41196;82;3812;51449;219;1021;3.682375404709854200;0.127016631153665200;1.594210919556133600;1.618009242604532800;0.231341838005368500;11.399950189556410300;0.022691424301962000;1.054874505354622700;0.282535905028087600;19.775022829786645300;36.105653485347427800
"жемрп";"302700 стоя нпкнбяйни накюярх";"#";"#";"жбоо";88415;69524;3089;120;1192;2105;723;32;7635;6;8;3529;30;422;4.375954306395973500;0.135723576316235900;1.348187524741276900;2.380817734547305300;0.036192953684329600;8.635412543120511200;0.006786178815811800;0.009048238421082400;0.477294576712096400;4.843069614884352200;17.872532941243001800
"яебепн-гюоюд";"167700 стоя пеяосакхйх йнлх";"#";"#";"оПНВЕЕ";1525301;1105708;40393;3327;42123;93698;36351;2501;105972;504;7528;81391;2005;3800;9.503239032820407300;0.218120882370102700;2.761618854245817700;6.142918676379285100;0.163967636551736300;6.947612307341305100;0.033042658465443900;0.493541930412423500;0.249131155096600600;7.850712744566482300;24.860666845429197300
"чфмши";"308700 стоя аекцнпндяйни накюярх";"#";"#";"ноя+";292534;191066;12919;532;7974;12530;11225;132;33822;115;174;20007;192;1846;7.887630155810948500;0.181859202690969300;2.725836996725167000;4.283262800221512700;0.045122960066180300;11.561732995139026600;0.039311669754626800;0.059480265541783200;0.631037759713400800;10.741999220603417000;30.269643870456083700
"бнкцю 1";"428700 стоя всбюьяйни пеяосакхйх";"#";"#";"ноя+";554465;358860;20707;50239;8767;53083;11260;370;26358;34;1608;19871;1851;1457;20.812314573507795800;9.060806362890353800;1.581163824587665600;9.573733238346874900;0.066730992939139500;4.753771653756323700;0.006132037189002000;0.290009288232801000;0.262775828952233200;5.948436781401891900;31.543560008296285600
"яебепн-гюоюд";"180700 стоя ояйнбяйни накюярх";"#";"#";"ноя+";529726;390796;17640;670;9734;19321;20596;437;45533;922;888;19586;196;3407;6.291554501761287900;0.126480482362579900;1.837553754205004100;3.647357313025979500;0.082495478794697600;8.595575825993060600;0.174052245878057700;0.167633833340255200;0.643162691655686100;7.622431219158583900;22.896742844413904500
"лняйбю";"144700 стоя лняйнбяйни накюярх";"#";"#";"оПНВЕЕ";16427081;10789555;602486;49229;627057;558073;760338;17152;1613715;4778;146889;1188622;34650;34537;7.935347734634047300;0.299681970278225300;3.817215000035611900;3.397274293588739200;0.104412950785352600;9.823504248868073400;0.029086117003988700;0.894188078819359300;0.210244291119036900;12.075243313160749600;30.650850263659137000
"жемрп";"156700 стоя йнярпнляйни накюярх";"#";"#";"оПНВЕЕ";1042151;767505;39937;2302;10020;21640;31380;1903;104668;341;10165;47092;859;4339;3.757612860324463500;0.220889295313251200;0.961472953535524100;2.076474522406062100;0.182603096864082100;10.043458193678267400;0.032720786143274800;0.975386484300259800;0.416350413711640600;7.612236614463738900;22.521592360416100900
"яхахпэ";"656700 стоя юкрюияйнцн йпюъ";"#";"#";"оПНВЕЕ";3271280;2386554;101948;11931;35467;96394;77148;8401;350661;730;56173;137669;1782;6422;4.646376953363820900;0.364719620454378700;1.084193343278472000;2.946675307524883200;0.256810789660316500;10.719382015602455300;0.022315423931916600;1.717156587024039500;0.196314592453107000;6.621230833190677700;23.928798513120246500
"дюкэмхи бнярнй";"680700 стоя уюаюпнбяйнцн йпюъ";"#";"#";"жбоо";604810;440714;16293;11955;6503;30289;13211;321;28833;40;412;52538;774;2927;8.671814288784907700;1.976653825168234700;1.075213703477125000;5.008019047304112000;0.053074519270514700;4.767282286999222900;0.006613647261123300;0.068120566789570300;0.483953638332699500;10.998991418792678700;24.437922653395281200
"яебепн-гюоюд";"185700 стоя пеяосакхйх йюпекхъ";"#";"#";"жбоо";143695;112673;4360;382;2451;3082;1542;6;14621;6;75;4242;26;229;4.293816764675180100;0.265840843453147300;1.705696092417968600;2.144820627022513000;0.004175510630154100;10.175023487247294600;0.004175510630154100;0.052193882876926800;0.159365322384216600;4.043286126865931300;18.554577403528306500
"лняйбю";"131000 лняйбю тцсо ""онврю пняяхх""";"#";"#";"оПНВЕЕ";2966;232;9;0;0;0;11;0;0;0;0;2703;0;11;0.370869858395145000;0E-18;0E-18;0E-18;0E-18;0E-18;0E-18;0E-18;0.370869858395145000;91.503708698583951400;91.874578556979096400
"бнкцю 1";"614700 стоя оепляйнцн йпюъ";"#";"#";"ноя+";894699;583525;39482;9811;27466;51887;20428;490;102757;137;2927;48388;3403;3998;10.793015304588470500;1.096569907868456300;3.069859248752932600;5.799380573801915500;0.054767022205233300;11.485091634169704000;0.015312412330850900;0.327149130601464900;0.446854193421474700;8.071876687019880400;30.366860810171912600
"бнкцю 1";"610700 стоя йхпнбяйни накюярх";"#";"#";"ноя+";956887;689896;35608;8109;30887;36188;22333;1825;63729;2128;4693;55341;3647;2503;8.499854214760990600;0.847435486112780300;3.227862851099450600;3.781846759335219300;0.190722624510522100;6.660034047907433200;0.222387805456652700;0.490444535248153600;0.261577385835527100;8.498495642641189600;24.180807138146928500
"дюкэмхи бнярнй";"679700 стоя ебпеияйни юбрнмнлмни накюярх";"#";"#";"оПНВЕЕ";227275;146955;6934;3692;4573;3714;12027;952;26137;114;4091;17306;347;433;5.613903860961390400;1.624463755362446400;2.012099879001210000;1.634143658563414400;0.418875811241887600;11.500164998350016500;0.050159498405015900;1.800021999780002200;0.190518094819051800;13.059069409305906900;32.289517104828951700
"яебепн-гюоюд";"236700 стоя йюкхмхмцпюдяйни накюярх";"#";"#";"ноя+";1095511;703662;46929;730;42866;84012;34956;296;107914;1210;5348;60032;1872;5684;12.337986565173695200;0.066635570067301900;3.912877186993101800;7.668750017115300500;0.027019354438248500;9.850562888003863000;0.110450739426623700;0.488174011945110500;0.518844630496635800;8.841536050299814400;31.484850448786000300
"спюк";"620700 стоя ябепдкнбяйни накюярх";"#";"#";"оПНВЕЕ";6238343;4318878;227641;23098;185627;325029;188959;8587;557890;1937;54524;319638;7324;19211;8.981375342779324600;0.370258576676530900;2.975581817158819300;5.210181613931776400;0.137648731401912300;8.942919618238368700;0.031049911811517900;0.874014141255137800;0.307950364383619200;8.270160842390359100;27.119765617248041700
"жемрп";"600700 стоя бкюдхлхпяйни накюярх";"#";"#";"оПНВЕЕ";2540574;1889678;82286;5279;67125;139361;64251;3391;134704;1017;21482;122451;5196;4353;8.711181016573420000;0.207787688923841600;2.642119458043733400;5.485413926144249300;0.133473774036890900;5.302108893502019600;0.040030323855947500;0.845556948941459700;0.171339232787551200;7.553332435898344200;22.381162682134037400
"яебепн-гюоюд";"190700 стоя ц. яюмйр-оерепаспцю х кемхмцпюдяйни накюярх";"#";"#";"оПНВЕЕ";8379849;5543313;366991;45077;343083;490125;377879;8190;582453;1626;79581;501847;20435;19249;10.954481399366504100;0.537921387366287900;4.094142985154028400;5.848852407722382600;0.097734457983670100;6.950638370691405100;0.019403690925695700;0.949671050158541000;0.229705809734757800;10.741971603545600900;29.470041763282369400
"бнкцю 2";"440700 стоя оемгемяйни накюярх";"#";"#";"жбоо";172685;131813;6314;1239;5400;5096;7330;93;7336;73;630;6889;176;296;7.068940556504618200;0.717491386049743800;3.127081101427454600;2.951038017198946100;0.053855285635695100;4.248197585198482800;0.042273503778556300;0.364826128499869700;0.171410371485653100;8.335987491675594300;20.012160870949995700
"бнкцю 1";"603700 стоя мхфецнпндяйни накюярх";"#";"#";"ноя+";3408960;2412338;110699;33683;61947;79440;100237;2654;435712;999;6967;157587;2768;3929;5.332036750211208100;0.988072608654839000;1.817181779780343600;2.330329484652210600;0.077853656247066600;12.781376138177039300;0.029305125316812200;0.204373181263493900;0.115255092462217200;7.644325542100816700;25.988072608654839000
"спюк";"625700 стоя рчлемяйни накюярх";"#";"#";"оПНВЕЕ";2227213;1478113;92853;7221;45381;136998;47842;3624;264950;699;26720;114114;3008;5690;8.903414267068304600;0.324216857570425500;2.037568925827929300;6.151095562032010400;0.162714567488605700;11.896033293627506700;0.031384515086792300;1.199705641085967100;0.255476238689339500;7.406745560482989300;29.464941161891565800
"дюкэмхи бнярнй";"675700 стоя юлспяйни накюярх";"#";"#";"жбоо";48335;39114;1261;1069;2438;1025;954;45;8;6;13;2207;40;155;9.779662770249301700;2.211647874211234100;5.043964001241336500;2.120616530464466700;0.093100237922830200;0.016551153408503200;0.012413365056377400;0.026895624288817600;0.320678597289748600;6.622530257577324900;16.468397641460639300
"бнкцю 2";"443700 стоя яюлюпяйни накюярх";"#";"#";"оПНВЕЕ";5924314;4346347;194036;28946;99230;310403;141590;8162;520338;2378;27892;230350;5926;8716;7.650185321034637900;0.488596654397454300;1.674961860563096400;5.239475827918641700;0.137771225495475100;8.783092861046865500;0.040139668491575600;0.470805564998749200;0.147122519164244200;6.378223706575985000;23.360189888652087000
"жемрп";"153700 стоя хбюмнбяйни накюярх";"#";"#";"оПНВЕЕ";1972565;1486535;58182;15295;49242;54444;45789;1956;144565;609;15000;93555;2211;5182;6.406582292598723000;0.775386362426586700;2.496343593240273500;2.760061138669701600;0.099160230461353600;7.328782574972180900;0.030873507336893800;0.760431215194429600;0.262703637142502300;7.176189377789832000;21.689931637233754000
"бнкцю 1";"614700 стоя оепляйнцн йпюъ";"#";"#";"жбоо";381148;227231;16816;1113;5065;4842;6322;263;77684;14;696;37224;793;3085;3.908717873372023500;0.292012551554776600;1.328880120058350000;1.270372663637222300;0.069002067438370400;20.381584056586942600;0.003673113856034900;0.182606231700022000;0.809396874704839100;11.633013947338041900;35.970541626874599900
"яхахпэ";"644700 стоя нляйни накюярх";"#";"#";"ноя+";1510090;1064863;52857;2955;8757;43035;25241;1220;212330;51;1808;93212;800;2961;3.874471058016409600;0.195683700971465300;0.579899211305286400;2.849830142574283700;0.080789886695495000;14.060751345946268100;0.003377282148746100;0.119727963233979400;0.196081028283082500;7.897078982047427600;25.983219543206034100
"дюкэмхи бнярнй";"685700 стоя люцюдюмяйни накюярх";"#";"#";"ноя+";124308;68134;5221;806;10719;11157;2004;130;8352;38;1514;14551;401;1281;19.599703961128809100;0.648389484184445100;8.622936576889661200;8.975287189883193400;0.104578949062007300;6.718795250506805700;0.030569231264279000;1.217942529845223200;1.030504874987933200;13.640312771503040800;40.989316858126588800
"дюкэмхи бнярнй";"693700 стоя яюуюкхмяйни накюярх";"#";"#";"ноя+";549138;358266;19971;2090;7246;12480;26376;584;68918;805;986;48242;928;2246;4.550768659244124400;0.380596498512213700;1.319522597234210700;2.272652775804988900;0.106348495278054000;12.550215064337197600;0.146593388182934000;0.179554137575618500;0.409004658209776000;13.757197644307988200;31.121685259442981500
"бнкцю 2";"450700 стоя пеяосакхйх аюьйнпрнярюм";"#";"#";"ноя+";1651940;1091751;64454;10516;21648;36726;87097;499;226969;78;12178;96926;1176;1922;4.357785391721249000;0.636584863857040800;1.310459217647130000;2.223204232599246900;0.030206908241219400;13.739542598399457600;0.004721721127886000;0.737193844812765600;0.116348051382011500;11.211000399530249300;30.009261837597007200
" ";" ";"#";"#";"ноя+";509;0;0;0;4;0;0;0;0;0;0;505;0;0;0.785854616895874300;0E-18;0.785854616895874300;0E-18;0E-18;0E-18;0E-18;0E-18;0E-18;99.214145383104125700;100.000000000000000000
"яебепмши йюбйюг";"367700 стоя пеяосакхйх дюцеярюм";"#";"#";"жбоо";178107;132531;3786;1999;1619;5093;1853;155;2238;5;12016;15453;145;1214;5.653904675279466800;1.122359031368783900;0.909004137962011600;2.859517031896556600;0.087026338100130800;1.256548030116727600;0.002807301229036500;6.746506313620464100;0.681612738410056900;9.798042749583115800;23.463423672286883700
"дюкэмхи бнярнй";"685700 стоя люцюдюмяйни накюярх";"#";"#";"оПНВЕЕ";507587;324133;16746;21188;20241;37960;14743;957;23048;183;5895;38809;762;2922;16.366258395112562000;4.174259782066916600;3.987690780102721300;7.478520923506709200;0.188539107581557400;4.540699426896275900;0.036052932797727300;1.161377261434985500;0.575664861393219300;10.700431650140764000;32.843236725920876600
"яхахпэ";"650700 стоя йелепнбяйни накюярх";"#";"#";"жбоо";509495;348693;16377;11082;12617;37398;10028;431;35938;163;1367;33148;901;1352;12.433880607267981000;2.175094946957281200;2.476373664118391700;7.340209423056163500;0.084593568141002400;7.053651164388266800;0.031992463125251500;0.268304890136311400;0.265360798437668700;8.651115320071835800;28.346696238432173000
"яебепн-гюоюд";"163700 стоя юпуюмцекэяйни накюярх";"#";"#";"ноя+";1598614;1187397;41799;714;52330;75896;42887;1517;114184;1757;3974;70935;1350;3874;8.392520020467730200;0.044663689921394400;3.273460635275307200;4.747612619431582600;0.094894702536071900;7.142687352919466500;0.109907707551666600;0.248590341383223200;0.242334922626725400;7.204490890233664900;23.108642861879102800
"спюк";"628700 стоя уюмрш-люмяхияйнцн юбрнмнлмнцн нйпсцю";"#";"#";"ноя+";1645894;1180782;53421;3383;51053;108374;22760;1587;111595;689;17520;88545;2518;3667;10.267672158717390100;0.205541790662096100;3.101840094198046800;6.584506657172333100;0.096421762276307000;6.780205772668227700;0.041861748083412400;1.064467092048455100;0.222796850830004800;6.915572934830554100;25.013214702769437200
"чфмши";"344700 стоя пнярнбяйни накюярх";"#";"#";"оПНВЕЕ";5372919;3702396;185796;4480;146503;144606;200490;15132;442456;1177;132070;377196;10371;10246;5.885180848622508500;0.083381119276132800;2.726692883328410500;2.691386190634923000;0.281634619840723500;8.234927792509062600;0.021906155666966100;2.458067951517601500;0.190697086630191100;10.944832780840358800;27.633526580244370000
"яебепмши йюбйюг";"367700 стоя пеяосакхйх дюцеярюм";"#";"#";"оПНВЕЕ";2035811;1365360;63681;6631;38339;27778;163429;21717;57411;496;147739;134100;1963;7167;4.021886118112143000;0.325717858877862400;1.883229828309209500;1.364468509110128600;1.066749320049847500;2.820055496310806800;0.024363754788632100;7.257009614350251600;0.352046432601061700;14.711188808784312500;29.804829623182112700
"яебепмши йюбйюг";"414700 стоя юярпюуюмяйни накюярх";"#";"#";"ноя+";22761;19029;707;0;219;102;310;18;1499;1;0;782;11;83;1.823294231360660800;0E-18;0.962172136549360700;0.448134967707921400;0.079082641360221400;6.585826633276218100;0.004393480075567900;0E-18;0.364658846272132200;4.846008523351346600;13.290277228592768300
"спюк";"628700 стоя уюмрш-люмяхияйнцн юбрнмнлмнцн нйпсцю";"#";"#";"жбоо";392476;292226;14956;1189;23367;11006;9183;1374;12797;98;5290;19405;690;895;9.464782559952710500;0.302948460542810300;5.953739846512907800;2.804247903056492600;0.350085100745013700;3.260581538743770300;0.024969679674680700;1.347853117133276900;0.228039421518768000;7.459819199135743300;21.732284267063463800
"яебепмши йюбйюг";"369700 стоя йюпювюебн-вепйеяяйни пеяосакхйх";"#";"#";"ноя+";213037;148160;7026;1836;12818;7508;7869;36;11141;25;2785;12396;457;980;11.077418476602655900;0.861822124795223400;6.016795204588874200;3.524270431896806700;0.016898473035200500;5.229608002365786200;0.011735050718889200;1.307284650084257700;0.460013988180456900;9.726948839872885900;27.155376765538380700
"бнкцю 1";"430700 стоя пеяосакхйх лнпднбхъ";"#";"#";"жбоо";136747;115629;4216;0;98;329;890;62;11941;3;75;3184;7;313;0.546264269051606300;0E-18;0.071665191923771600;0.240590287172661900;0.045339203053814700;8.732184252670991000;0.002193832405829700;0.054845810145743600;0.228889847674903300;2.984343349397061700;12.360051774444777600
"бнкцю 2";"432700 стоя скэъмнбяйни накюярх";"#";"#";"жбоо";370329;262291;11328;2162;11758;10899;16105;310;41009;117;810;12229;629;682;7.055888142705540200;0.583805211042073400;3.175014649136308500;2.943058739661220200;0.083709350334432400;11.073666928595924200;0.031593528997189000;0.218724431519000700;0.184160570735751200;7.820883592697304300;26.114617002719203700
"дюкэмхи бнярнй";"677700 стоя пеяосакхйх яюую (ъйсрхъ)";"#";"#";"жбоо";66430;34982;1960;13;460;1800;935;22;4690;177;0;20914;210;267;4.139695920517838300;0.019569471624266100;0.692458226704802000;2.709619147975312400;0.033117567364142700;7.060063224446786100;0.266445882884239000;0E-18;0.401926840283004700;33.206382658437453000;44.389583019720006000
"яхахпэ";"634700 стоя рнляйни накюярх";"#";"#";"оПНВЕЕ";1360934;1000711;40340;5540;15039;52211;25153;2369;115370;258;24292;65926;1698;12027;6.357031274110280100;0.407073377548066300;1.105049914250066500;3.836409407068968800;0.174071630218658700;8.477266347963971800;0.018957568846101300;1.784950629494156200;0.883731319814186400;6.817156452847823600;23.504666648051999600
"яхахпэ";"664700 стоя хпйсряйни накюярх";"#";"#";"жбоо";533317;390341;18782;527;4785;13041;20354;56;41673;15;5020;36564;639;1520;3.846117787357237800;0.098815526225490700;0.897214977208677000;2.445262386160576200;0.010500321572348200;7.813926801508296200;0.002812586135450400;0.941278826664066600;0.285008728392307000;10.792268013207904500;23.287088167075116700
"чфмши";"385700 стоя пеяосакхйх юдшцеъ";"#";"#";"оПНВЕЕ";569629;421643;17926;693;17783;12687;24801;2674;31130;158;10691;28147;355;941;5.698270277671958400;0.121658131871797300;3.121856506603420800;2.227239132839093500;0.469428347222490400;5.464960526939464100;0.027737351855330400;1.876835624590742400;0.165195241113075400;9.357494088257444800;22.832404951292859000
"спюк";"620700 стоя ябепдкнбяйни накюярх";"#";"#";"жбоо";1181976;785609;47430;19331;33616;37305;105212;727;64889;185;10761;71055;1926;3930;8.131129566082560100;1.635481600303221000;2.844050979038491500;3.156155454933095100;0.061507171042390000;5.489874582901852500;0.015651756042423900;0.910424577148774600;0.332494060793112600;15.075856024149390500;29.521496206352751700
"яхахпэ";"672700 стоя гюаюийюкэяйнцн йпюъ";"#";"#";"оПНВЕЕ";2047694;1421287;54194;5959;29006;23647;99026;6010;197591;622;82403;123410;1691;2848;3.084005715697755600;0.291010277902850700;1.416520241793939900;1.154811216910339100;0.293500884409487000;9.649439808877693600;0.030375632296622400;4.024185254242088900;0.139083280998039700;10.945336559075721300;27.944263156506782800
"яхахпэ";"664700 стоя хпйсряйни накюярх";"#";"#";"оПНВЕЕ";4671058;3066755;161570;7236;59206;189147;140612;13867;583292;1301;48185;381426;7538;10923;5.866979172598584700;0.154911371256790200;1.267507275653610000;4.049339571463253100;0.296870644723315400;12.487363676494704200;0.027852362355594800;1.031565011609789500;0.233844238286058500;11.337388660127962400;30.886642811971078100
"жемрп";"248700 стоя йюксфяйни накюярх";"#";"#";"оПНВЕЕ";1522700;1023859;60270;2813;53905;78431;34648;1908;167656;475;12686;81042;2104;2903;9.204439482498194000;0.184737637092007600;3.540093255401589300;5.150784790175346400;0.125303736783345400;11.010441978065278800;0.031194588559795100;0.833125369409601400;0.190648190713863500;7.735863925921061300;28.802193472121888800
"яебепмши йюбйюг";"369700 стоя йюпювюебн-вепйеяяйни пеяосакхйх";"#";"#";"жбоо";39139;23818;1920;24;1724;962;3094;2;6461;13;5;851;89;176;7.601113978384731300;0.061319911086128900;4.404813613020261100;2.457906436035667700;0.005109992590510700;16.507831063644957700;0.033214951838319800;0.012774981476276900;0.449679347964945500;10.306855055060170200;34.239505352717238600
"чфмши";"308700 стоя аекцнпндяйни накюярх";"#";"#";"оПНВЕЕ";2776038;1888906;128631;5165;51919;71607;104285;3232;338388;1073;7493;159725;4937;10677;5.198235759020589800;0.186056530926449900;1.870255378348567300;2.579467572129776300;0.116424919255428100;12.189602591895355900;0.038652208651322500;0.269917054449542800;0.384612890745731900;9.688159888301240800;27.323149034703415400
"яебепн-гюоюд";"183700 стоя лсплюмяйни накюярх";"#";"#";"оПНВЕЕ";1519518;1029068;60574;1786;31648;94792;43072;1641;165436;1259;2243;82517;2234;3248;8.799369273677574100;0.117537271687469300;2.082765719129355500;6.238293985329558500;0.107994772026392600;10.887399820206144300;0.082855221195142100;0.147612598205483600;0.213751992408118900;8.412075408122839000;28.290286788310503700
"яебепн-гюоюд";"180700 стоя ояйнбяйни накюярх";"#";"#";"оПНВЕЕ";891779;663765;24039;1918;31570;43374;28531;1279;39902;565;13024;40625;1051;2136;8.976327094493142400;0.215075708219188800;3.540114759374239600;4.863761088789935600;0.143421183948040900;4.474426960042790900;0.063356504246007100;1.460451524424773400;0.239521226671630500;7.872690431149421500;22.872819386866028500
"чфмши";"305700 стоя йспяйни накюярх";"#";"#";"жбоо";195125;143464;7857;130;1447;7575;3443;17;23150;18;169;7002;222;631;5.127482383087764300;0.066623959000640600;0.741575912876361300;3.882126841768097400;0.008712363869314500;11.864189622037155700;0.009224855861627200;0.086611146700832800;0.323382447149263300;5.466752081998718800;22.449199231262011500
"жемрп";"170700 стоя рбепяйни накюярх";"#";"#";"оПНВЕЕ";2256786;1545782;78126;7081;51631;85118;72375;3793;298464;842;23336;82743;2421;5074;6.705332273418924100;0.313764796484912600;2.287811072915198900;3.771646935066063000;0.168070876015714400;13.225179525218607300;0.037309696178547700;1.034036900264358300;0.224833014738659300;6.980679603648728800;28.043332420530790200
"бнкцю 2";"443700 стоя яюлюпяйни накюярх";"#";"#";"ноя+";2249232;1582198;84695;15785;43798;143594;63332;2061;203657;864;5070;98603;2791;2784;9.281034593141125500;0.701795101616907500;1.947242436529446500;6.384134673524118500;0.091631276809150900;9.054512829267945700;0.038413111675451900;0.225410273373311400;0.123775582065345000;7.323655363252879200;25.890570648114556400
"дюкэмхи бнярнй";"683700 стоя йюлвюряйнцн йпюъ";"#";"#";"ноя+";250209;166877;8749;4389;10579;5826;8031;85;28222;165;105;15913;327;941;8.817428629665599600;1.754133544356917600;4.228065337377952000;2.328453412946776500;0.033971599742615200;11.279370446306887400;0.065944870088605900;0.041964917329112900;0.376085592444716200;9.700290557094269200;29.808280277687853000
"дюкэмхи бнярнй";"690700 стоя опхлнпяйнцн йпюъ";"#";"#";"жбоо";744586;559142;27726;11041;20648;14889;34523;296;40441;310;4438;29217;1003;912;6.512746680705788200;1.482837442551968500;2.773084640323616100;1.999634696327892300;0.039753634905840300;5.431340369010430000;0.041633874394630000;0.596035917946348700;0.122484172412589000;8.695167515908169100;21.181972263781483900
"яхахпэ";"649700 стоя пеяосакхйх юкрюи";"#";"#";"ноя+";168020;99636;4841;2398;16272;7800;5897;32;11196;5;162;18808;493;480;16.333174622068801300;1.427211046304011400;9.684561361742649700;4.642304487561004600;0.019045351743840000;6.663492441376026700;0.002975836209975000;0.096417093203190100;0.285680276157600300;14.997024163790025000;37.818712058088322800
"бнкцю 2";"421700 стоя ""рюрюпярюм онврюяш""";"#";"#";"жбоо";852537;567021;31365;21956;20365;53163;17255;292;70577;387;275;61849;5919;2113;12.142112307149132500;2.575372095287360000;2.388752628918158400;6.235858385031969300;0.034250712872285900;8.278467679408635600;0.045393924251967900;0.032256664520132300;0.247848480476507200;9.972939590891656300;29.811140161658672900
"чфмши";"400700 стоя бнкцнцпюдяйни накюярх";"#";"#";"ноя+";1364828;917221;62187;8009;40165;112703;34108;357;110097;147;2522;71289;2985;3038;12.228647126231290700;0.586813869586497300;2.942861664620010700;8.257670563616807400;0.026157142145383900;8.066730752886078000;0.010770587942216900;0.184785189049462600;0.222592150805815800;7.941073893560214200;28.239455814212486800
"яебепн-гюоюд";"236700 стоя йюкхмхмцпюдяйни накюярх";"#";"#";"жбоо";243175;149559;12650;185;10645;29158;7141;64;18009;116;250;13792;758;848;17.104554333299064500;0.076076899352318300;4.377505911380692900;11.990541790891333400;0.026318494911072300;7.405777732085946300;0.047702272026318500;0.102806620746376100;0.348720057571707600;8.919913642438573000;33.295363421404338400
"спюк";"620700 стоя ябепдкнбяйни накюярх";"#";"#";"ноя+";2504275;1710529;98365;10102;132497;67337;110617;2511;219680;685;12244;130857;2977;5874;8.736540515718122000;0.403390202753291900;5.290832676123828300;2.688882011759890600;0.100268540795240100;8.772199538788671400;0.027353225983568100;0.488923940062493100;0.234558904273692000;9.761348094757963900;27.767757135298639300
"жемрп";"600700 стоя бкюдхлхпяйни накюярх";"#";"#";"ноя+";641338;462412;22254;479;23538;32668;20402;403;42523;394;1784;31936;1302;1243;9.235379784138784900;0.074687606223239500;3.670139614368710400;5.093725929229205200;0.062837380601180700;6.630357159563288000;0.061434064409094700;0.278168454075698000;0.193813558529199900;8.363764504832085400;24.428928271831701800
"жемрп";"241700 стоя апъмяйни накюярх";"#";"#";"оПНВЕЕ";1150569;820998;41077;1799;17147;46198;26593;1681;132421;317;13620;45065;1060;2593;5.979389328236724600;0.156357419676699100;1.490306100720600000;4.015230724971731400;0.146101624500573200;11.509175025574302800;0.027551585346033100;1.183762121176565700;0.225366753319444600;6.320177234046806400;25.074028589332756200
"бнкцю 2";"450700 стоя пеяосакхйх аюьйнпрнярюм";"#";"#";"оПНВЕЕ";6091570;4565139;204770;20836;77844;153001;198729;6808;563520;977;63565;225383;2959;8039;4.312172395622146700;0.342046467495243400;1.277897159517168800;2.511684179940475100;0.111761007425015200;9.250817112829697400;0.016038558204206800;1.043491251023956100;0.131969262439732300;7.010852702997749300;21.696557701873244500
"дюкэмхи бнярнй";"693700 стоя яюуюкхмяйни накюярх";"#";"#";"оПНВЕЕ";1192561;804429;44949;9928;26883;32946;37592;1700;128092;569;3110;94313;4299;3751;6.524362275808113800;0.832494103027015000;2.254224312215475800;2.762625978880744900;0.142550360107365600;10.740918074630983200;0.047712444059465300;0.260783305843474700;0.314533176919251900;11.421134851802130000;28.776976607485906400
"яхахпэ";"655400 стоя пеяосакхйх уюйюяхъ";"#";"#";"оПНВЕЕ";856477;591891;31172;3773;15391;42415;25361;1470;94601;356;8796;36656;2075;2520;7.726302048975045400;0.440525548263409300;1.797012645990493600;4.952263750223298500;0.171633330492237400;11.045363740065407500;0.041565622894718700;1.026997806129061300;0.294228566558121200;7.483213209461550000;27.252804220078297500
"жемрп";"300700 стоя рскэяйни накюярх";"#";"#";"оПНВЕЕ";2213644;1507641;85116;7868;93915;94152;110865;4271;149092;1510;25932;120086;4684;8512;9.447363713406491700;0.355432038756005900;4.242552099614933600;4.253258428184477700;0.192939786162544700;6.735138983504122600;0.068213317046462800;1.171462077913160400;0.384524340860590000;10.644665537909438000;28.048186609951735700
"дюкэмхи бнярнй";"689700 стоя всйнряйнцн юбрнмнлмнцн нйпсцю";"#";"#";"ноя+";65574;49720;1452;306;1396;536;2133;71;1548;40;240;7830;161;141;3.873486442797450200;0.466648366730716400;2.128892548876078900;0.817397139110013100;0.108274621038826400;2.360691737578918500;0.060999786500747200;0.365998719004483500;0.215024247415134000;15.439045963339128300;21.962973129594046400
"бнкцю 2";"432700 стоя скэъмнбяйни накюярх";"#";"#";"ноя+";369636;254626;12881;3272;7931;18261;12647;425;37190;95;600;20320;630;758;8.346589617894360900;0.885195164973108700;2.145624343949182400;4.940265558549491900;0.114977978335443500;10.061249445400339800;0.025700959863216800;0.162321851767685000;0.205066606066508700;9.089212089731519700;27.629613998636496400
"яебепн-гюоюд";"173700 стоя мнбцнпндяйни накюярх";"#";"#";"ноя+";324799;228832;11179;4193;7846;8440;11500;127;35551;16;2851;13504;275;485;6.539121117983737600;1.290952250468751400;2.415647831428052400;2.598530167888447900;0.039101105606852200;10.945538625426802400;0.004926123541020800;0.877773638465635700;0.149323119837191600;7.782967312091478100;26.104760174754232600
"лняйбю";"101700 стоя ц. лняйбш";"#";"#";"ноя+";28739587;18559376;1028926;124670;1566202;1922195;1192721;18103;2296464;13905;205364;1693913;78386;39362;12.981449594247822700;0.433791898262142700;5.449632940097573400;6.688318102831470800;0.062989770869010700;7.990594993588460400;0.048382741199447300;0.714568375669420700;0.136960910398608000;10.316849716733925200;31.842089449650059300
"яхахпэ";"670700 стоя пеяосакхйх аспърхъ";"#";"#";"жбоо";187559;113157;7232;111;3313;7372;3765;299;36912;27;1068;13987;113;203;5.924535746085231800;0.059181377593184000;1.766377513209176800;3.930496537089662500;0.159416503606865000;19.680207294771245300;0.014395470225369100;0.569420822247932700;0.108232609472219400;9.525002799119210500;35.812730927334865300
"яхахпэ";"650700 стоя йелепнбяйни накюярх";"#";"#";"ноя+";1362510;954901;45042;2315;47573;99749;27738;2808;105416;288;5932;64073;2571;4104;11.472356166193275600;0.169907009856808400;3.491570704068227000;7.320973791018047600;0.206090230530418100;7.736897343872705500;0.021137459541581300;0.435372951391182500;0.301208798467534200;6.927068425185870200;26.610226713932374800
"яебепмши йюбйюг";"414700 стоя юярпюуюмяйни накюярх";"#";"#";"жбоо";68955;47796;3397;83;876;1562;3619;12;8979;14;57;2306;51;203;4.024363715466608700;0.120368356174316600;1.270393735044594300;2.265245449931114500;0.017402653904720500;13.021535784207091600;0.020303096222173900;0.082662606047422200;0.294394895221521300;8.666521644550794000;25.758828221303748800
"чфмши";"350700 стоя йпюямндюпяйнцн йпюъ";"#";"#";"ноя+";2335070;1668362;74111;3293;39477;41195;52793;1584;276439;4331;11186;153938;1311;7050;3.953885750748371600;0.141023609570591000;1.690613129370854000;1.764186940862586600;0.067835225496451900;11.838574432458127600;0.185476238399705400;0.479043454800070200;0.301918143781556900;8.909454534553568000;25.378125709293511500
